INFO 2026-04-20 20:46:33,490 autoreload 24232 8508 Watching for file changes with StatReloader
INFO 2026-04-20 20:46:33,490 autoreload 24232 8508 Watching for file changes with StatReloader
WARNING 2026-04-20 20:46:50,266 log 24232 29244 Not Found: /
WARNING 2026-04-20 20:46:50,266 log 24232 29244 Not Found: /
WARNING 2026-04-20 20:46:50,268 basehttp 24232 29244 "GET / HTTP/1.1" 404 3240
WARNING 2026-04-20 20:46:50,268 basehttp 24232 29244 "GET / HTTP/1.1" 404 3240
WARNING 2026-04-20 20:46:50,968 log 24232 29244 Not Found: /
WARNING 2026-04-20 20:46:50,968 log 24232 29244 Not Found: /
WARNING 2026-04-20 20:46:50,971 basehttp 24232 29244 "GET / HTTP/1.1" 404 3240
WARNING 2026-04-20 20:46:50,971 basehttp 24232 29244 "GET / HTTP/1.1" 404 3240
INFO 2026-04-20 20:47:20,309 basehttp 24232 29244 "GET /admin/ HTTP/1.1" 302 0
INFO 2026-04-20 20:47:20,309 basehttp 24232 29244 "GET /admin/ HTTP/1.1" 302 0
INFO 2026-04-20 20:47:20,657 basehttp 24232 29244 "GET /admin/login/?next=/admin/ HTTP/1.1" 200 4182
INFO 2026-04-20 20:47:20,657 basehttp 24232 29244 "GET /admin/login/?next=/admin/ HTTP/1.1" 200 4182
INFO 2026-04-20 20:47:21,421 basehttp 24232 28704 "GET /static/admin/css/nav_sidebar.css HTTP/1.1" 200 2694
INFO 2026-04-20 20:47:21,421 basehttp 24232 28704 "GET /static/admin/css/nav_sidebar.css HTTP/1.1" 200 2694
INFO 2026-04-20 20:47:21,470 basehttp 24232 30736 "GET /static/admin/css/dark_mode.css HTTP/1.1" 200 2929
INFO 2026-04-20 20:47:21,470 basehttp 24232 30736 "GET /static/admin/css/dark_mode.css HTTP/1.1" 200 2929
INFO 2026-04-20 20:47:21,481 basehttp 24232 29244 "GET /static/admin/css/base.css HTTP/1.1" 200 21310
INFO 2026-04-20 20:47:21,483 basehttp 24232 13700 "GET /static/admin/css/responsive.css HTTP/1.1" 200 18559
INFO 2026-04-20 20:47:21,481 basehttp 24232 29244 "GET /static/admin/css/base.css HTTP/1.1" 200 21310
INFO 2026-04-20 20:47:21,483 basehttp 24232 13700 "GET /static/admin/css/responsive.css HTTP/1.1" 200 18559
INFO 2026-04-20 20:47:21,494 basehttp 24232 31620 "GET /static/admin/css/login.css HTTP/1.1" 200 958
INFO 2026-04-20 20:47:21,494 basehttp 24232 31620 "GET /static/admin/css/login.css HTTP/1.1" 200 958
INFO 2026-04-20 20:47:21,502 basehttp 24232 24132 "GET /static/admin/js/theme.js HTTP/1.1" 200 1943
INFO 2026-04-20 20:47:21,502 basehttp 24232 24132 "GET /static/admin/js/theme.js HTTP/1.1" 200 1943
INFO 2026-04-20 20:47:21,508 basehttp 24232 28704 "GET /static/admin/js/nav_sidebar.js HTTP/1.1" 200 3063
INFO 2026-04-20 20:47:21,508 basehttp 24232 28704 "GET /static/admin/js/nav_sidebar.js HTTP/1.1" 200 3063
INFO 2026-04-20 20:47:36,343 basehttp 24232 28704 "POST /admin/login/?next=/admin/ HTTP/1.1" 200 4358
INFO 2026-04-20 20:47:36,343 basehttp 24232 28704 "POST /admin/login/?next=/admin/ HTTP/1.1" 200 4358
INFO 2026-04-20 20:47:39,754 basehttp 24232 28704 "GET /admin/login/?next=/admin/ HTTP/1.1" 200 4182
INFO 2026-04-20 20:47:39,754 basehttp 24232 28704 "GET /admin/login/?next=/admin/ HTTP/1.1" 200 4182
WARNING 2026-04-20 20:47:47,889 log 24232 28704 Not Found: /
WARNING 2026-04-20 20:47:47,889 log 24232 28704 Not Found: /
WARNING 2026-04-20 20:47:47,890 basehttp 24232 28704 "GET / HTTP/1.1" 404 3240
WARNING 2026-04-20 20:47:47,890 basehttp 24232 28704 "GET / HTTP/1.1" 404 3240
WARNING 2026-04-20 20:48:30,655 log 24232 28704 Not Found: /products/
WARNING 2026-04-20 20:48:30,655 log 24232 28704 Not Found: /products/
WARNING 2026-04-20 20:48:30,657 basehttp 24232 28704 "GET /products/ HTTP/1.1" 404 3285
WARNING 2026-04-20 20:48:30,657 basehttp 24232 28704 "GET /products/ HTTP/1.1" 404 3285
WARNING 2026-04-20 20:48:44,507 log 24232 28704 Not Found: /cart/
WARNING 2026-04-20 20:48:44,507 log 24232 28704 Not Found: /cart/
WARNING 2026-04-20 20:48:44,509 basehttp 24232 28704 "GET /cart/ HTTP/1.1" 404 3273
WARNING 2026-04-20 20:48:44,509 basehttp 24232 28704 "GET /cart/ HTTP/1.1" 404 3273
WARNING 2026-04-20 20:52:00,936 log 24232 28704 Unauthorized: /api/cart/
WARNING 2026-04-20 20:52:00,936 log 24232 28704 Unauthorized: /api/cart/
WARNING 2026-04-20 20:52:00,938 basehttp 24232 28704 "GET /api/cart/ HTTP/1.1" 401 5010
WARNING 2026-04-20 20:52:00,938 basehttp 24232 28704 "GET /api/cart/ HTTP/1.1" 401 5010
INFO 2026-04-20 20:52:01,012 basehttp 24232 28704 "GET /static/rest_framework/css/bootstrap.min.css HTTP/1.1" 200 121457
INFO 2026-04-20 20:52:01,015 basehttp 24232 24132 "GET /static/rest_framework/css/bootstrap-tweaks.css HTTP/1.1" 200 3426
INFO 2026-04-20 20:52:01,016 basehttp 24232 13700 "GET /static/rest_framework/css/default.css HTTP/1.1" 200 1152
INFO 2026-04-20 20:52:01,012 basehttp 24232 28704 "GET /static/rest_framework/css/bootstrap.min.css HTTP/1.1" 200 121457
INFO 2026-04-20 20:52:01,020 basehttp 24232 31620 "GET /static/rest_framework/css/prettify.css HTTP/1.1" 200 817
INFO 2026-04-20 20:52:01,015 basehttp 24232 24132 "GET /static/rest_framework/css/bootstrap-tweaks.css HTTP/1.1" 200 3426
INFO 2026-04-20 20:52:01,016 basehttp 24232 13700 "GET /static/rest_framework/css/default.css HTTP/1.1" 200 1152
INFO 2026-04-20 20:52:01,020 basehttp 24232 31620 "GET /static/rest_framework/css/prettify.css HTTP/1.1" 200 817
INFO 2026-04-20 20:52:01,075 basehttp 24232 30736 "GET /static/rest_framework/js/ajax-form.js HTTP/1.1" 200 3796
INFO 2026-04-20 20:52:01,075 basehttp 24232 30736 "GET /static/rest_framework/js/ajax-form.js HTTP/1.1" 200 3796
INFO 2026-04-20 20:52:01,085 basehttp 24232 28704 "GET /static/rest_framework/js/csrf.js HTTP/1.1" 200 1793
INFO 2026-04-20 20:52:01,085 basehttp 24232 28704 "GET /static/rest_framework/js/csrf.js HTTP/1.1" 200 1793
INFO 2026-04-20 20:52:01,097 basehttp 24232 31620 "GET /static/rest_framework/js/default.js HTTP/1.1" 200 1268
INFO 2026-04-20 20:52:01,097 basehttp 24232 31620 "GET /static/rest_framework/js/default.js HTTP/1.1" 200 1268
INFO 2026-04-20 20:52:01,119 basehttp 24232 28704 "GET /static/rest_framework/img/grid.png HTTP/1.1" 200 1458
INFO 2026-04-20 20:52:01,119 basehttp 24232 28704 "GET /static/rest_framework/img/grid.png HTTP/1.1" 200 1458
INFO 2026-04-20 20:52:01,127 basehttp 24232 30736 "GET /static/rest_framework/js/load-ajax-form.js HTTP/1.1" 200 59
INFO 2026-04-20 20:52:01,127 basehttp 24232 30736 "GET /static/rest_framework/js/load-ajax-form.js HTTP/1.1" 200 59
INFO 2026-04-20 20:52:01,169 basehttp 24232 13700 "GET /static/rest_framework/js/prettify-min.js HTTP/1.1" 200 13632
INFO 2026-04-20 20:52:01,169 basehttp 24232 13700 "GET /static/rest_framework/js/prettify-min.js HTTP/1.1" 200 13632
INFO 2026-04-20 20:52:01,174 basehttp 24232 24132 "GET /static/rest_framework/js/bootstrap.min.js HTTP/1.1" 200 39680
INFO 2026-04-20 20:52:01,174 basehttp 24232 24132 "GET /static/rest_framework/js/bootstrap.min.js HTTP/1.1" 200 39680
INFO 2026-04-20 20:52:01,195 basehttp 24232 29244 "GET /static/rest_framework/js/jquery-3.7.1.min.js HTTP/1.1" 200 87533
INFO 2026-04-20 20:52:01,195 basehttp 24232 29244 "GET /static/rest_framework/js/jquery-3.7.1.min.js HTTP/1.1" 200 87533
WARNING 2026-04-20 20:52:25,974 log 24232 29244 Not Found: /api/products/
WARNING 2026-04-20 20:52:25,974 log 24232 29244 Not Found: /api/products/
WARNING 2026-04-20 20:52:25,975 basehttp 24232 29244 "GET /api/products/ HTTP/1.1" 404 4790
WARNING 2026-04-20 20:52:25,975 basehttp 24232 29244 "GET /api/products/ HTTP/1.1" 404 4790
WARNING 2026-04-20 20:53:15,979 log 24232 29244 Not Found: /api/products/
WARNING 2026-04-20 20:53:15,979 log 24232 29244 Not Found: /api/products/
WARNING 2026-04-20 20:53:15,981 basehttp 24232 29244 "GET /api/products/ HTTP/1.1" 404 4790
WARNING 2026-04-20 20:53:15,981 basehttp 24232 29244 "GET /api/products/ HTTP/1.1" 404 4790
WARNING 2026-04-20 20:54:48,297 log 24232 29244 Unauthorized: /api/products/wishlist/
WARNING 2026-04-20 20:54:48,297 log 24232 29244 Unauthorized: /api/products/wishlist/
WARNING 2026-04-20 20:54:48,299 basehttp 24232 29244 "GET /api/products/wishlist/ HTTP/1.1" 401 5113
WARNING 2026-04-20 20:54:48,299 basehttp 24232 29244 "GET /api/products/wishlist/ HTTP/1.1" 401 5113
WARNING 2026-04-20 20:55:33,327 log 24232 29244 Not Found: /api/products/catagory
WARNING 2026-04-20 20:55:33,327 log 24232 29244 Not Found: /api/products/catagory
WARNING 2026-04-20 20:55:33,329 basehttp 24232 29244 "GET /api/products/catagory HTTP/1.1" 404 4814
WARNING 2026-04-20 20:55:33,329 basehttp 24232 29244 "GET /api/products/catagory HTTP/1.1" 404 4814
INFO 2026-04-20 20:56:21,793 basehttp 24232 29244 "GET /api/products/categories/ HTTP/1.1" 200 8096
INFO 2026-04-20 20:56:21,793 basehttp 24232 29244 "GET /api/products/categories/ HTTP/1.1" 200 8096
INFO 2026-04-20 20:56:21,921 basehttp 24232 29244 "GET /static/rest_framework/fonts/glyphicons-halflings-regular.woff2 HTTP/1.1" 200 18028
INFO 2026-04-20 20:56:21,921 basehttp 24232 29244 "GET /static/rest_framework/fonts/glyphicons-halflings-regular.woff2 HTTP/1.1" 200 18028
INFO 2026-04-20 20:56:56,568 basehttp 24232 29244 "GET /api/products/products/featured/ HTTP/1.1" 200 9593
INFO 2026-04-20 20:56:56,568 basehttp 24232 29244 "GET /api/products/products/featured/ HTTP/1.1" 200 9593
WARNING 2026-04-20 20:57:40,354 log 24232 29244 Not Found: /api/products/categories/<slug:slug>/
WARNING 2026-04-20 20:57:40,354 log 24232 29244 Not Found: /api/products/categories/<slug:slug>/
WARNING 2026-04-20 20:57:40,356 basehttp 24232 29244 "GET /api/products/categories/%3Cslug:slug%3E/ HTTP/1.1" 404 4875
WARNING 2026-04-20 20:57:40,356 basehttp 24232 29244 "GET /api/products/categories/%3Cslug:slug%3E/ HTTP/1.1" 404 4875
INFO 2026-04-20 21:00:04,603 autoreload 19728 1604 Watching for file changes with StatReloader
INFO 2026-04-20 21:00:04,603 autoreload 19728 1604 Watching for file changes with StatReloader
WARNING 2026-04-20 21:00:23,652 log 19728 30624 Not Found: /
WARNING 2026-04-20 21:00:23,652 log 19728 30624 Not Found: /
WARNING 2026-04-20 21:00:23,655 basehttp 19728 30624 "GET / HTTP/1.1" 404 3240
WARNING 2026-04-20 21:00:23,655 basehttp 19728 30624 "GET / HTTP/1.1" 404 3240
INFO 2026-04-20 21:00:38,726 basehttp 19728 30624 "GET /admin/ HTTP/1.1" 302 0
INFO 2026-04-20 21:00:38,726 basehttp 19728 30624 "GET /admin/ HTTP/1.1" 302 0
INFO 2026-04-20 21:00:38,795 basehttp 19728 30624 "GET /admin/login/?next=/admin/ HTTP/1.1" 200 4182
INFO 2026-04-20 21:00:38,795 basehttp 19728 30624 "GET /admin/login/?next=/admin/ HTTP/1.1" 200 4182
INFO 2026-04-20 21:00:54,637 basehttp 19728 30624 "POST /admin/login/?next=/admin/ HTTP/1.1" 302 0
INFO 2026-04-20 21:00:54,637 basehttp 19728 30624 "POST /admin/login/?next=/admin/ HTTP/1.1" 302 0
INFO 2026-04-20 21:00:54,712 basehttp 19728 30624 "GET /admin/ HTTP/1.1" 200 5174
INFO 2026-04-20 21:00:54,712 basehttp 19728 30624 "GET /admin/ HTTP/1.1" 200 5174
INFO 2026-04-20 21:00:55,169 basehttp 19728 24784 "GET /static/admin/img/icon-addlink.svg HTTP/1.1" 200 331
INFO 2026-04-20 21:00:55,169 basehttp 19728 24784 "GET /static/admin/img/icon-addlink.svg HTTP/1.1" 200 331
INFO 2026-04-20 21:00:55,185 basehttp 19728 30624 "GET /static/admin/css/dashboard.css HTTP/1.1" 200 441
INFO 2026-04-20 21:00:55,185 basehttp 19728 30624 "GET /static/admin/css/dashboard.css HTTP/1.1" 200 441
INFO 2026-04-20 21:00:55,189 basehttp 19728 19872 "GET /static/admin/img/icon-changelink.svg HTTP/1.1" 200 380
INFO 2026-04-20 21:00:55,189 basehttp 19728 19872 "GET /static/admin/img/icon-changelink.svg HTTP/1.1" 200 380
WARNING 2026-04-20 21:02:46,457 log 19728 19872 Not Found: /api/admin/
WARNING 2026-04-20 21:02:46,457 log 19728 19872 Not Found: /api/admin/
WARNING 2026-04-20 21:02:46,459 basehttp 19728 19872 "GET /api/admin/ HTTP/1.1" 404 3554
WARNING 2026-04-20 21:02:46,459 basehttp 19728 19872 "GET /api/admin/ HTTP/1.1" 404 3554
WARNING 2026-04-20 21:03:43,251 log 19728 19872 Not Found: /api/auth/
WARNING 2026-04-20 21:03:43,251 log 19728 19872 Not Found: /api/auth/
WARNING 2026-04-20 21:03:43,253 basehttp 19728 19872 "GET /api/auth/ HTTP/1.1" 404 4274
WARNING 2026-04-20 21:03:43,253 basehttp 19728 19872 "GET /api/auth/ HTTP/1.1" 404 4274
WARNING 2026-04-20 21:04:40,887 log 19728 19872 Method Not Allowed: /api/auth/login/
WARNING 2026-04-20 21:04:40,887 log 19728 19872 Method Not Allowed: /api/auth/login/
WARNING 2026-04-20 21:04:40,889 basehttp 19728 19872 "GET /api/auth/login/ HTTP/1.1" 405 5560
WARNING 2026-04-20 21:04:40,889 basehttp 19728 19872 "GET /api/auth/login/ HTTP/1.1" 405 5560
INFO 2026-04-20 21:12:15,121 autoreload 19728 1604 C:\Users\HP\Desktop\electronics_ecommerce\backend\apps\accounts\apps.py changed, reloading.
INFO 2026-04-20 21:12:15,121 autoreload 19728 1604 C:\Users\HP\Desktop\electronics_ecommerce\backend\apps\accounts\apps.py changed, reloading.
INFO 2026-04-20 21:12:17,380 autoreload 26072 23000 Watching for file changes with StatReloader
INFO 2026-04-20 21:12:17,380 autoreload 26072 23000 Watching for file changes with StatReloader
INFO 2026-04-20 21:24:52,228 autoreload 8196 14588 Watching for file changes with StatReloader
INFO 2026-04-20 21:24:52,228 autoreload 8196 14588 Watching for file changes with StatReloader
WARNING 2026-04-20 21:25:00,531 log 8196 27036 Method Not Allowed: /api/auth/login/
WARNING 2026-04-20 21:25:00,531 log 8196 27036 Method Not Allowed: /api/auth/login/
WARNING 2026-04-20 21:25:00,535 basehttp 8196 27036 "GET /api/auth/login/ HTTP/1.1" 405 5560
WARNING 2026-04-20 21:25:00,535 basehttp 8196 27036 "GET /api/auth/login/ HTTP/1.1" 405 5560
INFO 2026-04-20 21:27:16,595 autoreload 8196 14588 C:\Users\HP\Desktop\electronics_ecommerce\backend\apps\accounts\admin.py changed, reloading.
INFO 2026-04-20 21:27:16,595 autoreload 8196 14588 C:\Users\HP\Desktop\electronics_ecommerce\backend\apps\accounts\admin.py changed, reloading.
INFO 2026-04-20 21:27:19,037 autoreload 13480 19208 Watching for file changes with StatReloader
INFO 2026-04-20 21:27:19,037 autoreload 13480 19208 Watching for file changes with StatReloader
INFO 2026-04-20 21:33:40,709 autoreload 13480 19208 C:\Users\HP\Desktop\electronics_ecommerce\backend\apps\accounts\admin.py changed, reloading.
INFO 2026-04-20 21:33:40,709 autoreload 13480 19208 C:\Users\HP\Desktop\electronics_ecommerce\backend\apps\accounts\admin.py changed, reloading.
INFO 2026-04-20 21:33:42,467 autoreload 25436 6648 Watching for file changes with StatReloader
INFO 2026-04-20 21:33:42,467 autoreload 25436 6648 Watching for file changes with StatReloader
INFO 2026-04-20 21:34:02,060 basehttp 25436 15048 "GET /admin/ HTTP/1.1" 200 5826
INFO 2026-04-20 21:34:02,060 basehttp 25436 15048 "GET /admin/ HTTP/1.1" 200 5826
INFO 2026-04-20 21:34:07,362 basehttp 25436 15048 "GET /admin/accounts/user/ HTTP/1.1" 200 10616
INFO 2026-04-20 21:34:07,362 basehttp 25436 15048 "GET /admin/accounts/user/ HTTP/1.1" 200 10616
INFO 2026-04-20 21:34:07,743 basehttp 25436 15048 "GET /static/admin/css/changelists.css HTTP/1.1" 200 6566
INFO 2026-04-20 21:34:07,743 basehttp 25436 15048 "GET /static/admin/css/changelists.css HTTP/1.1" 200 6566
INFO 2026-04-20 21:34:07,755 basehttp 25436 21252 "GET /static/admin/js/jquery.init.js HTTP/1.1" 200 347
INFO 2026-04-20 21:34:07,755 basehttp 25436 21252 "GET /static/admin/js/jquery.init.js HTTP/1.1" 200 347
INFO 2026-04-20 21:34:07,774 basehttp 25436 19756 "GET /static/admin/js/core.js HTTP/1.1" 200 5682
INFO 2026-04-20 21:34:07,774 basehttp 25436 19756 "GET /static/admin/js/core.js HTTP/1.1" 200 5682
INFO 2026-04-20 21:34:07,785 basehttp 25436 15048 "GET /static/admin/js/urlify.js HTTP/1.1" 200 7887
INFO 2026-04-20 21:34:07,786 basehttp 25436 22400 "GET /static/admin/js/admin/RelatedObjectLookups.js HTTP/1.1" 200 8943
INFO 2026-04-20 21:34:07,785 basehttp 25436 15048 "GET /static/admin/js/urlify.js HTTP/1.1" 200 7887
INFO 2026-04-20 21:34:07,786 basehttp 25436 22400 "GET /static/admin/js/admin/RelatedObjectLookups.js HTTP/1.1" 200 8943
INFO 2026-04-20 21:34:07,817 basehttp 25436 18588 "GET /static/admin/js/actions.js HTTP/1.1" 200 7872
INFO 2026-04-20 21:34:07,819 basehttp 25436 15048 "GET /admin/jsi18n/ HTTP/1.1" 200 3343
INFO 2026-04-20 21:34:07,819 basehttp 25436 21252 "GET /static/admin/js/prepopulate.js HTTP/1.1" 200 1531
INFO 2026-04-20 21:34:07,826 basehttp 25436 22400 "GET /static/admin/img/search.svg HTTP/1.1" 200 458
INFO 2026-04-20 21:34:07,817 basehttp 25436 18588 "GET /static/admin/js/actions.js HTTP/1.1" 200 7872
INFO 2026-04-20 21:34:07,819 basehttp 25436 15048 "GET /admin/jsi18n/ HTTP/1.1" 200 3343
INFO 2026-04-20 21:34:07,819 basehttp 25436 21252 "GET /static/admin/js/prepopulate.js HTTP/1.1" 200 1531
INFO 2026-04-20 21:34:07,826 basehttp 25436 22400 "GET /static/admin/img/search.svg HTTP/1.1" 200 458
INFO 2026-04-20 21:34:07,856 basehttp 25436 15048 "GET /static/admin/img/icon-yes.svg HTTP/1.1" 200 436
INFO 2026-04-20 21:34:07,856 basehttp 25436 15048 "GET /static/admin/img/icon-yes.svg HTTP/1.1" 200 436
INFO 2026-04-20 21:34:07,886 basehttp 25436 22884 "GET /static/admin/js/vendor/jquery/jquery.js HTTP/1.1" 200 292458
INFO 2026-04-20 21:34:07,886 basehttp 25436 22884 "GET /static/admin/js/vendor/jquery/jquery.js HTTP/1.1" 200 292458
INFO 2026-04-20 21:34:07,937 basehttp 25436 22884 "GET /static/admin/js/filters.js HTTP/1.1" 200 978
INFO 2026-04-20 21:34:07,937 basehttp 25436 22884 "GET /static/admin/js/filters.js HTTP/1.1" 200 978
INFO 2026-04-20 21:34:08,022 basehttp 25436 19756 "GET /static/admin/js/vendor/xregexp/xregexp.js HTTP/1.1" 200 232381
INFO 2026-04-20 21:34:08,022 basehttp 25436 19756 "GET /static/admin/js/vendor/xregexp/xregexp.js HTTP/1.1" 200 232381
INFO 2026-04-20 21:34:08,047 basehttp 25436 19756 "GET /static/admin/img/tooltag-add.svg HTTP/1.1" 200 331
INFO 2026-04-20 21:34:08,047 basehttp 25436 19756 "GET /static/admin/img/tooltag-add.svg HTTP/1.1" 200 331
INFO 2026-04-20 21:34:14,815 basehttp 25436 19756 "GET /admin/ HTTP/1.1" 200 5826
INFO 2026-04-20 21:34:14,815 basehttp 25436 19756 "GET /admin/ HTTP/1.1" 200 5826
INFO 2026-04-20 21:39:02,287 autoreload 25436 6648 C:\Users\HP\Desktop\electronics_ecommerce\backend\apps\cart\admin.py changed, reloading.
INFO 2026-04-20 21:39:02,287 autoreload 25436 6648 C:\Users\HP\Desktop\electronics_ecommerce\backend\apps\cart\admin.py changed, reloading.
INFO 2026-04-20 21:39:03,156 autoreload 26216 15572 Watching for file changes with StatReloader
INFO 2026-04-20 21:39:03,156 autoreload 26216 15572 Watching for file changes with StatReloader
WARNING 2026-04-20 21:39:21,373 log 26216 5940 Not Found: /admin/admin/
WARNING 2026-04-20 21:39:21,373 log 26216 5940 Not Found: /admin/admin/
WARNING 2026-04-20 21:39:21,374 basehttp 26216 5940 "GET /admin/admin/ HTTP/1.1" 404 4663
WARNING 2026-04-20 21:39:21,374 basehttp 26216 5940 "GET /admin/admin/ HTTP/1.1" 404 4663
WARNING 2026-04-20 21:39:33,431 log 26216 5940 Not Found: /api/admin/
WARNING 2026-04-20 21:39:33,431 log 26216 5940 Not Found: /api/admin/
WARNING 2026-04-20 21:39:33,432 basehttp 26216 5940 "GET /api/admin/ HTTP/1.1" 404 3554
WARNING 2026-04-20 21:39:33,432 basehttp 26216 5940 "GET /api/admin/ HTTP/1.1" 404 3554
WARNING 2026-04-20 21:39:51,877 log 26216 5940 Unauthorized: /api/cart/
WARNING 2026-04-20 21:39:51,877 log 26216 5940 Unauthorized: /api/cart/
WARNING 2026-04-20 21:39:51,878 basehttp 26216 5940 "GET /api/cart/ HTTP/1.1" 401 5010
WARNING 2026-04-20 21:39:51,878 basehttp 26216 5940 "GET /api/cart/ HTTP/1.1" 401 5010
INFO 2026-04-20 21:40:01,506 basehttp 26216 5940 "GET /admin/ HTTP/1.1" 200 6875
INFO 2026-04-20 21:40:01,506 basehttp 26216 5940 "GET /admin/ HTTP/1.1" 200 6875
INFO 2026-04-20 21:40:04,549 basehttp 26216 5940 "GET /admin/cart/cart/ HTTP/1.1" 200 8275
INFO 2026-04-20 21:40:04,549 basehttp 26216 5940 "GET /admin/cart/cart/ HTTP/1.1" 200 8275
INFO 2026-04-20 21:40:04,604 basehttp 26216 5940 "GET /admin/jsi18n/ HTTP/1.1" 200 3343
INFO 2026-04-20 21:40:04,604 basehttp 26216 5940 "GET /admin/jsi18n/ HTTP/1.1" 200 3343
INFO 2026-04-20 21:40:13,657 basehttp 26216 28384 "GET /admin/cart/cart/add/ HTTP/1.1" 200 12219
INFO 2026-04-20 21:40:13,657 basehttp 26216 28384 "GET /admin/cart/cart/add/ HTTP/1.1" 200 12219
INFO 2026-04-20 21:40:13,698 basehttp 26216 30920 "GET /admin/jsi18n/ HTTP/1.1" 200 3343
INFO 2026-04-20 21:40:13,698 basehttp 26216 30920 "GET /admin/jsi18n/ HTTP/1.1" 200 3343
INFO 2026-04-20 21:40:13,925 basehttp 26216 28384 "GET /static/admin/css/forms.css HTTP/1.1" 200 9090
INFO 2026-04-20 21:40:13,925 basehttp 26216 28384 "GET /static/admin/css/forms.css HTTP/1.1" 200 9090
INFO 2026-04-20 21:40:13,939 basehttp 26216 21432 "GET /static/admin/img/icon-viewlink.svg HTTP/1.1" 200 581
INFO 2026-04-20 21:40:13,940 basehttp 26216 31740 "GET /static/admin/js/prepopulate_init.js HTTP/1.1" 200 586
INFO 2026-04-20 21:40:13,939 basehttp 26216 21432 "GET /static/admin/img/icon-viewlink.svg HTTP/1.1" 200 581
INFO 2026-04-20 21:40:13,940 basehttp 26216 31740 "GET /static/admin/js/prepopulate_init.js HTTP/1.1" 200 586
INFO 2026-04-20 21:40:13,950 basehttp 26216 28384 "GET /static/admin/css/widgets.css HTTP/1.1" 200 11921
INFO 2026-04-20 21:40:13,950 basehttp 26216 28384 "GET /static/admin/css/widgets.css HTTP/1.1" 200 11921
INFO 2026-04-20 21:40:13,980 basehttp 26216 28344 "GET /static/admin/js/inlines.js HTTP/1.1" 200 15526
INFO 2026-04-20 21:40:13,980 basehttp 26216 28344 "GET /static/admin/js/inlines.js HTTP/1.1" 200 15526
INFO 2026-04-20 21:40:13,988 basehttp 26216 28384 "GET /static/admin/js/change_form.js HTTP/1.1" 200 606
INFO 2026-04-20 21:40:13,988 basehttp 26216 28384 "GET /static/admin/js/change_form.js HTTP/1.1" 200 606
INFO 2026-04-20 21:40:56,477 basehttp 26216 28384 "GET /admin/cart/cartitem/ HTTP/1.1" 200 9195
INFO 2026-04-20 21:40:56,477 basehttp 26216 28384 "GET /admin/cart/cartitem/ HTTP/1.1" 200 9195
INFO 2026-04-20 21:40:56,505 basehttp 26216 28384 "GET /admin/jsi18n/ HTTP/1.1" 200 3343
INFO 2026-04-20 21:40:56,505 basehttp 26216 28384 "GET /admin/jsi18n/ HTTP/1.1" 200 3343
INFO 2026-04-20 21:40:58,654 basehttp 26216 28384 "GET /admin/cart/cartitem/add/ HTTP/1.1" 200 11056
INFO 2026-04-20 21:40:58,654 basehttp 26216 28384 "GET /admin/cart/cartitem/add/ HTTP/1.1" 200 11056
INFO 2026-04-20 21:40:58,688 basehttp 26216 28384 "GET /admin/jsi18n/ HTTP/1.1" 200 3343
INFO 2026-04-20 21:40:58,688 basehttp 26216 28384 "GET /admin/jsi18n/ HTTP/1.1" 200 3343
INFO 2026-04-20 21:41:08,922 basehttp 26216 28384 "GET /admin/cart/cart/ HTTP/1.1" 200 8275
INFO 2026-04-20 21:41:08,922 basehttp 26216 28384 "GET /admin/cart/cart/ HTTP/1.1" 200 8275
INFO 2026-04-20 21:41:08,947 basehttp 26216 28384 "GET /admin/jsi18n/ HTTP/1.1" 200 3343
INFO 2026-04-20 21:41:08,947 basehttp 26216 28384 "GET /admin/jsi18n/ HTTP/1.1" 200 3343
INFO 2026-04-20 21:41:10,622 basehttp 26216 28384 "GET /admin/cart/cart/add/ HTTP/1.1" 200 12219
INFO 2026-04-20 21:41:10,622 basehttp 26216 28384 "GET /admin/cart/cart/add/ HTTP/1.1" 200 12219
INFO 2026-04-20 21:41:10,650 basehttp 26216 28384 "GET /admin/jsi18n/ HTTP/1.1" 200 3343
INFO 2026-04-20 21:41:10,650 basehttp 26216 28384 "GET /admin/jsi18n/ HTTP/1.1" 200 3343
INFO 2026-04-20 21:41:17,347 basehttp 26216 28384 "GET /static/admin/img/inline-delete.svg HTTP/1.1" 200 560
INFO 2026-04-20 21:41:17,347 basehttp 26216 28384 "GET /static/admin/img/inline-delete.svg HTTP/1.1" 200 560
INFO 2026-04-20 21:44:33,802 autoreload 26216 15572 C:\Users\HP\Desktop\electronics_ecommerce\backend\apps\orders\admin.py changed, reloading.
INFO 2026-04-20 21:44:33,802 autoreload 26216 15572 C:\Users\HP\Desktop\electronics_ecommerce\backend\apps\orders\admin.py changed, reloading.
INFO 2026-04-20 21:44:34,671 autoreload 7576 21124 Watching for file changes with StatReloader
INFO 2026-04-20 21:44:34,671 autoreload 7576 21124 Watching for file changes with StatReloader
INFO 2026-04-20 21:45:52,261 autoreload 7576 21124 C:\Users\HP\Desktop\electronics_ecommerce\backend\apps\orders\admin.py changed, reloading.
INFO 2026-04-20 21:45:52,261 autoreload 7576 21124 C:\Users\HP\Desktop\electronics_ecommerce\backend\apps\orders\admin.py changed, reloading.
INFO 2026-04-20 21:45:53,077 autoreload 23584 2168 Watching for file changes with StatReloader
INFO 2026-04-20 21:45:53,077 autoreload 23584 2168 Watching for file changes with StatReloader
INFO 2026-04-20 21:46:07,119 basehttp 23584 5700 "GET /admin/cart/cart/add/ HTTP/1.1" 200 12733
INFO 2026-04-20 21:46:07,119 basehttp 23584 5700 "GET /admin/cart/cart/add/ HTTP/1.1" 200 12733
INFO 2026-04-20 21:46:07,158 basehttp 23584 5700 "GET /admin/jsi18n/ HTTP/1.1" 200 3343
INFO 2026-04-20 21:46:07,158 basehttp 23584 5700 "GET /admin/jsi18n/ HTTP/1.1" 200 3343
INFO 2026-04-20 21:46:15,091 basehttp 23584 5700 "GET /admin/orders/order/add/ HTTP/1.1" 200 24530
INFO 2026-04-20 21:46:15,091 basehttp 23584 5700 "GET /admin/orders/order/add/ HTTP/1.1" 200 24530
INFO 2026-04-20 21:46:15,123 basehttp 23584 5700 "GET /admin/jsi18n/ HTTP/1.1" 200 3343
INFO 2026-04-20 21:46:15,123 basehttp 23584 5700 "GET /admin/jsi18n/ HTTP/1.1" 200 3343
INFO 2026-04-20 21:46:38,840 autoreload 23584 2168 C:\Users\HP\Desktop\electronics_ecommerce\backend\apps\orders\admin.py changed, reloading.
INFO 2026-04-20 21:46:38,840 autoreload 23584 2168 C:\Users\HP\Desktop\electronics_ecommerce\backend\apps\orders\admin.py changed, reloading.
INFO 2026-04-20 21:46:39,750 autoreload 11948 18624 Watching for file changes with StatReloader
INFO 2026-04-20 21:46:39,750 autoreload 11948 18624 Watching for file changes with StatReloader
INFO 2026-04-20 21:46:46,273 basehttp 11948 7048 "GET /admin/orders/order/add/ HTTP/1.1" 200 24833
INFO 2026-04-20 21:46:46,273 basehttp 11948 7048 "GET /admin/orders/order/add/ HTTP/1.1" 200 24833
INFO 2026-04-20 21:46:46,306 basehttp 11948 7048 "GET /admin/jsi18n/ HTTP/1.1" 200 3343
INFO 2026-04-20 21:46:46,306 basehttp 11948 7048 "GET /admin/jsi18n/ HTTP/1.1" 200 3343
INFO 2026-04-20 21:46:48,646 basehttp 11948 7048 "GET /admin/orders/orderitem/add/ HTTP/1.1" 200 13817
INFO 2026-04-20 21:46:48,646 basehttp 11948 7048 "GET /admin/orders/orderitem/add/ HTTP/1.1" 200 13817
INFO 2026-04-20 21:46:48,679 basehttp 11948 7048 "GET /admin/jsi18n/ HTTP/1.1" 200 3343
INFO 2026-04-20 21:46:48,679 basehttp 11948 7048 "GET /admin/jsi18n/ HTTP/1.1" 200 3343
INFO 2026-04-20 21:47:00,328 basehttp 11948 7048 "GET /admin/orders/order/add/ HTTP/1.1" 200 24833
INFO 2026-04-20 21:47:00,328 basehttp 11948 7048 "GET /admin/orders/order/add/ HTTP/1.1" 200 24833
INFO 2026-04-20 21:47:00,356 basehttp 11948 7048 "GET /admin/jsi18n/ HTTP/1.1" 200 3343
INFO 2026-04-20 21:47:00,356 basehttp 11948 7048 "GET /admin/jsi18n/ HTTP/1.1" 200 3343
INFO 2026-04-20 21:51:12,396 autoreload 11948 18624 C:\Users\HP\Desktop\electronics_ecommerce\backend\apps\payments\admin.py changed, reloading.
INFO 2026-04-20 21:51:12,396 autoreload 11948 18624 C:\Users\HP\Desktop\electronics_ecommerce\backend\apps\payments\admin.py changed, reloading.
INFO 2026-04-20 21:51:13,431 autoreload 30760 25524 Watching for file changes with StatReloader
INFO 2026-04-20 21:51:13,431 autoreload 30760 25524 Watching for file changes with StatReloader
INFO 2026-04-20 21:54:50,913 autoreload 30760 25524 C:\Users\HP\Desktop\electronics_ecommerce\backend\apps\products\admin.py changed, reloading.
INFO 2026-04-20 21:54:50,913 autoreload 30760 25524 C:\Users\HP\Desktop\electronics_ecommerce\backend\apps\products\admin.py changed, reloading.
INFO 2026-04-20 21:54:51,770 autoreload 21452 16632 Watching for file changes with StatReloader
INFO 2026-04-20 21:54:51,770 autoreload 21452 16632 Watching for file changes with StatReloader
INFO 2026-04-20 21:54:59,877 basehttp 21452 22060 "GET /admin/orders/order/add/ HTTP/1.1" 200 28034
INFO 2026-04-20 21:54:59,877 basehttp 21452 22060 "GET /admin/orders/order/add/ HTTP/1.1" 200 28034
INFO 2026-04-20 21:54:59,915 basehttp 21452 22060 "GET /admin/jsi18n/ HTTP/1.1" 200 3343
INFO 2026-04-20 21:54:59,915 basehttp 21452 22060 "GET /admin/jsi18n/ HTTP/1.1" 200 3343
INFO 2026-04-20 21:55:00,004 basehttp 21452 23048 "GET /static/admin/img/icon-deletelink.svg HTTP/1.1" 200 392
INFO 2026-04-20 21:55:00,004 basehttp 21452 23048 "GET /static/admin/img/icon-deletelink.svg HTTP/1.1" 200 392
INFO 2026-04-20 21:55:11,131 basehttp 21452 23048 "GET /admin/products/category/add/ HTTP/1.1" 200 15219
INFO 2026-04-20 21:55:11,131 basehttp 21452 23048 "GET /admin/products/category/add/ HTTP/1.1" 200 15219
INFO 2026-04-20 21:55:11,169 basehttp 21452 23048 "GET /admin/jsi18n/ HTTP/1.1" 200 3343
INFO 2026-04-20 21:55:11,169 basehttp 21452 23048 "GET /admin/jsi18n/ HTTP/1.1" 200 3343
INFO 2026-04-20 21:55:18,750 basehttp 21452 23048 "GET /admin/products/product/add/ HTTP/1.1" 200 28253
INFO 2026-04-20 21:55:18,750 basehttp 21452 23048 "GET /admin/products/product/add/ HTTP/1.1" 200 28253
INFO 2026-04-20 21:55:18,778 basehttp 21452 23048 "GET /admin/jsi18n/ HTTP/1.1" 200 3343
INFO 2026-04-20 21:55:18,778 basehttp 21452 23048 "GET /admin/jsi18n/ HTTP/1.1" 200 3343
INFO 2026-04-20 21:56:31,741 basehttp 21452 23048 "GET /admin/products/review/ HTTP/1.1" 200 12469
INFO 2026-04-20 21:56:31,741 basehttp 21452 23048 "GET /admin/products/review/ HTTP/1.1" 200 12469
INFO 2026-04-20 21:56:31,775 basehttp 21452 23048 "GET /admin/jsi18n/ HTTP/1.1" 200 3343
INFO 2026-04-20 21:56:31,775 basehttp 21452 23048 "GET /admin/jsi18n/ HTTP/1.1" 200 3343
INFO 2026-04-20 21:56:37,113 basehttp 21452 23048 "GET /admin/products/review/add/ HTTP/1.1" 200 17184
INFO 2026-04-20 21:56:37,113 basehttp 21452 23048 "GET /admin/products/review/add/ HTTP/1.1" 200 17184
INFO 2026-04-20 21:56:37,143 basehttp 21452 23048 "GET /admin/jsi18n/ HTTP/1.1" 200 3343
INFO 2026-04-20 21:56:37,143 basehttp 21452 23048 "GET /admin/jsi18n/ HTTP/1.1" 200 3343
INFO 2026-04-20 21:56:49,618 basehttp 21452 23048 "GET /admin/products/wishlist/add/ HTTP/1.1" 200 14125
INFO 2026-04-20 21:56:49,618 basehttp 21452 23048 "GET /admin/products/wishlist/add/ HTTP/1.1" 200 14125
INFO 2026-04-20 21:56:49,651 basehttp 21452 23048 "GET /admin/jsi18n/ HTTP/1.1" 200 3343
INFO 2026-04-20 21:56:49,651 basehttp 21452 23048 "GET /admin/jsi18n/ HTTP/1.1" 200 3343
WARNING 2026-04-20 21:57:50,432 log 21452 23048 Not Found: /
WARNING 2026-04-20 21:57:50,432 log 21452 23048 Not Found: /
WARNING 2026-04-20 21:57:50,433 basehttp 21452 23048 "GET / HTTP/1.1" 404 3240
WARNING 2026-04-20 21:57:50,433 basehttp 21452 23048 "GET / HTTP/1.1" 404 3240
INFO 2026-04-20 21:57:58,969 basehttp 21452 23048 "GET /admin/ HTTP/1.1" 200 10587
INFO 2026-04-20 21:57:58,969 basehttp 21452 23048 "GET /admin/ HTTP/1.1" 200 10587
INFO 2026-04-20 22:16:59,604 autoreload 21452 16632 C:\Users\HP\Desktop\electronics_ecommerce\backend\apps\products\admin.py changed, reloading.
INFO 2026-04-20 22:16:59,604 autoreload 21452 16632 C:\Users\HP\Desktop\electronics_ecommerce\backend\apps\products\admin.py changed, reloading.
INFO 2026-04-20 22:17:00,563 autoreload 30460 4844 Watching for file changes with StatReloader
INFO 2026-04-20 22:17:00,563 autoreload 30460 4844 Watching for file changes with StatReloader
INFO 2026-04-20 22:21:23,758 autoreload 8448 22764 Watching for file changes with StatReloader
INFO 2026-04-20 22:21:23,758 autoreload 8448 22764 Watching for file changes with StatReloader
INFO 2026-04-20 22:21:32,519 basehttp 8448 24624 "GET /admin/ HTTP/1.1" 200 10587
INFO 2026-04-20 22:21:32,519 basehttp 8448 24624 "GET /admin/ HTTP/1.1" 200 10587
INFO 2026-04-20 22:23:28,757 basehttp 8448 24624 "GET /admin/products/product/add/ HTTP/1.1" 200 28253
INFO 2026-04-20 22:23:28,757 basehttp 8448 24624 "GET /admin/products/product/add/ HTTP/1.1" 200 28253
INFO 2026-04-20 22:23:28,794 basehttp 8448 24624 "GET /admin/jsi18n/ HTTP/1.1" 200 3343
INFO 2026-04-20 22:23:28,794 basehttp 8448 24624 "GET /admin/jsi18n/ HTTP/1.1" 200 3343
INFO 2026-04-20 22:25:40,259 basehttp 8448 24624 "GET /admin/products/wishlist/ HTTP/1.1" 200 11990
INFO 2026-04-20 22:25:40,259 basehttp 8448 24624 "GET /admin/products/wishlist/ HTTP/1.1" 200 11990
INFO 2026-04-20 22:25:40,296 basehttp 8448 24624 "GET /admin/jsi18n/ HTTP/1.1" 200 3343
INFO 2026-04-20 22:25:40,296 basehttp 8448 24624 "GET /admin/jsi18n/ HTTP/1.1" 200 3343
INFO 2026-04-20 22:25:45,299 basehttp 8448 24624 "GET /admin/products/wishlist/add/ HTTP/1.1" 200 14125
INFO 2026-04-20 22:25:45,299 basehttp 8448 24624 "GET /admin/products/wishlist/add/ HTTP/1.1" 200 14125
INFO 2026-04-20 22:25:45,333 basehttp 8448 24624 "GET /admin/jsi18n/ HTTP/1.1" 200 3343
INFO 2026-04-20 22:25:45,333 basehttp 8448 24624 "GET /admin/jsi18n/ HTTP/1.1" 200 3343
INFO 2026-04-20 22:26:31,271 basehttp 8448 24624 "GET /admin/payments/payment/ HTTP/1.1" 200 12627
INFO 2026-04-20 22:26:31,271 basehttp 8448 24624 "GET /admin/payments/payment/ HTTP/1.1" 200 12627
INFO 2026-04-20 22:26:31,303 basehttp 8448 24624 "GET /admin/jsi18n/ HTTP/1.1" 200 3343
INFO 2026-04-20 22:26:31,303 basehttp 8448 24624 "GET /admin/jsi18n/ HTTP/1.1" 200 3343
INFO 2026-04-20 22:26:36,420 basehttp 8448 24624 "GET /admin/payments/payment/add/ HTTP/1.1" 200 17074
INFO 2026-04-20 22:26:36,420 basehttp 8448 24624 "GET /admin/payments/payment/add/ HTTP/1.1" 200 17074
INFO 2026-04-20 22:26:36,453 basehttp 8448 24624 "GET /admin/jsi18n/ HTTP/1.1" 200 3343
INFO 2026-04-20 22:26:36,453 basehttp 8448 24624 "GET /admin/jsi18n/ HTTP/1.1" 200 3343
INFO 2026-04-20 22:27:53,076 basehttp 8448 24624 "GET /admin/orders/orderitem/ HTTP/1.1" 200 11107
INFO 2026-04-20 22:27:53,076 basehttp 8448 24624 "GET /admin/orders/orderitem/ HTTP/1.1" 200 11107
INFO 2026-04-20 22:27:53,103 basehttp 8448 24624 "GET /admin/jsi18n/ HTTP/1.1" 200 3343
INFO 2026-04-20 22:27:53,103 basehttp 8448 24624 "GET /admin/jsi18n/ HTTP/1.1" 200 3343
INFO 2026-04-20 22:27:55,231 basehttp 8448 24624 "GET /admin/orders/orderitem/add/ HTTP/1.1" 200 16950
INFO 2026-04-20 22:27:55,231 basehttp 8448 24624 "GET /admin/orders/orderitem/add/ HTTP/1.1" 200 16950
INFO 2026-04-20 22:27:55,266 basehttp 8448 24624 "GET /admin/jsi18n/ HTTP/1.1" 200 3343
INFO 2026-04-20 22:27:55,266 basehttp 8448 24624 "GET /admin/jsi18n/ HTTP/1.1" 200 3343
INFO 2026-04-20 23:15:46,256 basehttp 8448 19820 "GET /admin/products/review/ HTTP/1.1" 200 12469
INFO 2026-04-20 23:15:46,256 basehttp 8448 19820 "GET /admin/products/review/ HTTP/1.1" 200 12469
INFO 2026-04-20 23:15:46,322 basehttp 8448 19820 "GET /admin/jsi18n/ HTTP/1.1" 200 3343
INFO 2026-04-20 23:15:46,322 basehttp 8448 19820 "GET /admin/jsi18n/ HTTP/1.1" 200 3343
INFO 2026-04-20 23:15:49,201 basehttp 8448 19820 "GET /admin/products/review/add/ HTTP/1.1" 200 17184
INFO 2026-04-20 23:15:49,201 basehttp 8448 19820 "GET /admin/products/review/add/ HTTP/1.1" 200 17184
INFO 2026-04-20 23:15:49,268 basehttp 8448 19820 "GET /admin/jsi18n/ HTTP/1.1" 200 3343
INFO 2026-04-20 23:15:49,268 basehttp 8448 19820 "GET /admin/jsi18n/ HTTP/1.1" 200 3343
INFO 2026-04-20 23:16:07,845 basehttp 8448 19820 "GET /admin/auth/group/ HTTP/1.1" 200 11094
INFO 2026-04-20 23:16:07,845 basehttp 8448 19820 "GET /admin/auth/group/ HTTP/1.1" 200 11094
INFO 2026-04-20 23:16:07,914 basehttp 8448 19820 "GET /admin/jsi18n/ HTTP/1.1" 200 3343
INFO 2026-04-20 23:16:07,914 basehttp 8448 19820 "GET /admin/jsi18n/ HTTP/1.1" 200 3343
INFO 2026-04-20 23:16:10,809 basehttp 8448 19820 "GET /admin/auth/group/add/ HTTP/1.1" 200 17476
INFO 2026-04-20 23:16:10,809 basehttp 8448 19820 "GET /admin/auth/group/add/ HTTP/1.1" 200 17476
INFO 2026-04-20 23:16:10,875 basehttp 8448 23108 "GET /admin/jsi18n/ HTTP/1.1" 200 3343
INFO 2026-04-20 23:16:10,875 basehttp 8448 23108 "GET /admin/jsi18n/ HTTP/1.1" 200 3343
INFO 2026-04-20 23:16:11,126 basehttp 8448 23744 "GET /static/admin/js/SelectFilter2.js HTTP/1.1" 200 15292
INFO 2026-04-20 23:16:11,126 basehttp 8448 23744 "GET /static/admin/js/SelectFilter2.js HTTP/1.1" 200 15292
INFO 2026-04-20 23:16:11,133 basehttp 8448 19820 "GET /static/admin/js/SelectBox.js HTTP/1.1" 200 4530
INFO 2026-04-20 23:16:11,133 basehttp 8448 19820 "GET /static/admin/js/SelectBox.js HTTP/1.1" 200 4530
INFO 2026-04-20 23:16:11,227 basehttp 8448 23108 "GET /static/admin/img/icon-unknown-alt.svg HTTP/1.1" 200 655
INFO 2026-04-20 23:16:11,228 basehttp 8448 19820 "GET /static/admin/img/icon-unknown.svg HTTP/1.1" 200 655
INFO 2026-04-20 23:16:11,227 basehttp 8448 23108 "GET /static/admin/img/icon-unknown-alt.svg HTTP/1.1" 200 655
INFO 2026-04-20 23:16:11,228 basehttp 8448 19820 "GET /static/admin/img/icon-unknown.svg HTTP/1.1" 200 655
INFO 2026-04-20 23:16:11,240 basehttp 8448 23744 "GET /static/admin/img/selector-icons.svg HTTP/1.1" 200 3291
INFO 2026-04-20 23:16:11,240 basehttp 8448 23744 "GET /static/admin/img/selector-icons.svg HTTP/1.1" 200 3291
INFO 2026-04-20 23:29:21,489 basehttp 8448 6284 "GET /admin/payments/payment/ HTTP/1.1" 200 12627
INFO 2026-04-20 23:29:21,489 basehttp 8448 6284 "GET /admin/payments/payment/ HTTP/1.1" 200 12627
INFO 2026-04-20 23:29:21,549 basehttp 8448 6284 "GET /admin/jsi18n/ HTTP/1.1" 200 3343
INFO 2026-04-20 23:29:21,549 basehttp 8448 6284 "GET /admin/jsi18n/ HTTP/1.1" 200 3343
INFO 2026-04-20 23:29:32,565 basehttp 8448 6284 "GET /admin/accounts/user/add/ HTTP/1.1" 200 13625
INFO 2026-04-20 23:29:32,565 basehttp 8448 6284 "GET /admin/accounts/user/add/ HTTP/1.1" 200 13625
INFO 2026-04-20 23:29:32,623 basehttp 8448 6284 "GET /admin/jsi18n/ HTTP/1.1" 200 3343
INFO 2026-04-20 23:29:32,623 basehttp 8448 6284 "GET /admin/jsi18n/ HTTP/1.1" 200 3343
INFO 2026-04-20 23:38:52,781 basehttp 8448 28464 "GET /admin/password_change/ HTTP/1.1" 200 10594
INFO 2026-04-20 23:38:52,781 basehttp 8448 28464 "GET /admin/password_change/ HTTP/1.1" 200 10594
INFO 2026-04-20 23:38:58,405 basehttp 8448 28464 "POST /admin/logout/ HTTP/1.1" 200 3580
INFO 2026-04-20 23:38:58,405 basehttp 8448 28464 "POST /admin/logout/ HTTP/1.1" 200 3580
INFO 2026-04-20 23:39:05,010 basehttp 8448 28464 "GET /admin/ HTTP/1.1" 302 0
INFO 2026-04-20 23:39:05,010 basehttp 8448 28464 "GET /admin/ HTTP/1.1" 302 0
INFO 2026-04-20 23:39:05,063 basehttp 8448 28464 "GET /admin/login/?next=/admin/ HTTP/1.1" 200 4182
INFO 2026-04-20 23:39:05,063 basehttp 8448 28464 "GET /admin/login/?next=/admin/ HTTP/1.1" 200 4182
INFO 2026-04-20 23:39:27,178 basehttp 8448 28464 "POST /admin/login/?next=/admin/ HTTP/1.1" 200 4341
INFO 2026-04-20 23:39:27,178 basehttp 8448 28464 "POST /admin/login/?next=/admin/ HTTP/1.1" 200 4341
INFO 2026-04-20 23:39:41,666 basehttp 8448 28464 "POST /admin/login/?next=/admin/ HTTP/1.1" 302 0
INFO 2026-04-20 23:39:41,666 basehttp 8448 28464 "POST /admin/login/?next=/admin/ HTTP/1.1" 302 0
INFO 2026-04-20 23:39:41,706 basehttp 8448 28464 "GET /admin/ HTTP/1.1" 200 10587
INFO 2026-04-20 23:39:41,706 basehttp 8448 28464 "GET /admin/ HTTP/1.1" 200 10587
INFO 2026-04-20 23:39:59,816 basehttp 8448 28464 "GET /admin/cart/cart/add/ HTTP/1.1" 200 15906
INFO 2026-04-20 23:39:59,816 basehttp 8448 28464 "GET /admin/cart/cart/add/ HTTP/1.1" 200 15906
INFO 2026-04-20 23:39:59,874 basehttp 8448 28464 "GET /admin/jsi18n/ HTTP/1.1" 200 3343
INFO 2026-04-20 23:39:59,874 basehttp 8448 28464 "GET /admin/jsi18n/ HTTP/1.1" 200 3343
INFO 2026-04-21 08:41:10,576 autoreload 15272 27920 Watching for file changes with StatReloader
INFO 2026-04-21 08:41:10,576 autoreload 15272 27920 Watching for file changes with StatReloader
WARNING 2026-04-21 08:41:30,720 log 15272 30712 Not Found: /
WARNING 2026-04-21 08:41:30,720 log 15272 30712 Not Found: /
WARNING 2026-04-21 08:41:30,722 basehttp 15272 30712 "GET / HTTP/1.1" 404 3240
WARNING 2026-04-21 08:41:30,722 basehttp 15272 30712 "GET / HTTP/1.1" 404 3240
WARNING 2026-04-21 08:41:31,930 log 15272 30712 Not Found: /
WARNING 2026-04-21 08:41:31,930 log 15272 30712 Not Found: /
WARNING 2026-04-21 08:41:31,933 basehttp 15272 30712 "GET / HTTP/1.1" 404 3240
WARNING 2026-04-21 08:41:31,933 basehttp 15272 30712 "GET / HTTP/1.1" 404 3240
INFO 2026-04-21 08:41:49,792 basehttp 15272 30712 "GET /admin/ HTTP/1.1" 200 10587
INFO 2026-04-21 08:41:49,792 basehttp 15272 30712 "GET /admin/ HTTP/1.1" 200 10587
INFO 2026-04-21 08:41:49,864 basehttp 15272 22292 "GET /static/admin/css/dark_mode.css HTTP/1.1" 304 0
INFO 2026-04-21 08:41:49,865 basehttp 15272 30712 "GET /static/admin/css/base.css HTTP/1.1" 304 0
INFO 2026-04-21 08:41:49,864 basehttp 15272 22292 "GET /static/admin/css/dark_mode.css HTTP/1.1" 304 0
INFO 2026-04-21 08:41:49,865 basehttp 15272 30712 "GET /static/admin/css/base.css HTTP/1.1" 304 0
INFO 2026-04-21 08:41:49,874 basehttp 15272 11280 "GET /static/admin/css/nav_sidebar.css HTTP/1.1" 304 0
INFO 2026-04-21 08:41:49,874 basehttp 15272 11280 "GET /static/admin/css/nav_sidebar.css HTTP/1.1" 304 0
INFO 2026-04-21 08:41:49,877 basehttp 15272 18820 "GET /static/admin/css/dashboard.css HTTP/1.1" 304 0
INFO 2026-04-21 08:41:49,879 basehttp 15272 24036 "GET /static/admin/css/responsive.css HTTP/1.1" 304 0
INFO 2026-04-21 08:41:49,880 basehttp 15272 22292 "GET /static/admin/js/nav_sidebar.js HTTP/1.1" 304 0
INFO 2026-04-21 08:41:49,877 basehttp 15272 18820 "GET /static/admin/css/dashboard.css HTTP/1.1" 304 0
INFO 2026-04-21 08:41:49,879 basehttp 15272 24036 "GET /static/admin/css/responsive.css HTTP/1.1" 304 0
INFO 2026-04-21 08:41:49,880 basehttp 15272 22292 "GET /static/admin/js/nav_sidebar.js HTTP/1.1" 304 0
INFO 2026-04-21 08:41:49,882 basehttp 15272 21532 "GET /static/admin/js/theme.js HTTP/1.1" 304 0
INFO 2026-04-21 08:41:49,882 basehttp 15272 21532 "GET /static/admin/js/theme.js HTTP/1.1" 304 0
INFO 2026-04-21 08:41:49,896 basehttp 15272 22292 "GET /static/admin/img/icon-changelink.svg HTTP/1.1" 304 0
INFO 2026-04-21 08:41:49,897 basehttp 15272 21532 "GET /static/admin/img/icon-addlink.svg HTTP/1.1" 304 0
INFO 2026-04-21 08:41:49,896 basehttp 15272 22292 "GET /static/admin/img/icon-changelink.svg HTTP/1.1" 304 0
INFO 2026-04-21 08:41:49,897 basehttp 15272 21532 "GET /static/admin/img/icon-addlink.svg HTTP/1.1" 304 0
INFO 2026-04-21 08:42:13,871 basehttp 15272 21532 "GET /admin/products/product/ HTTP/1.1" 200 12977
INFO 2026-04-21 08:42:13,871 basehttp 15272 21532 "GET /admin/products/product/ HTTP/1.1" 200 12977
INFO 2026-04-21 08:42:13,942 basehttp 15272 21532 "GET /static/admin/css/changelists.css HTTP/1.1" 304 0
INFO 2026-04-21 08:42:13,942 basehttp 15272 21532 "GET /static/admin/css/changelists.css HTTP/1.1" 304 0
INFO 2026-04-21 08:42:13,956 basehttp 15272 22292 "GET /static/admin/js/jquery.init.js HTTP/1.1" 304 0
INFO 2026-04-21 08:42:13,957 basehttp 15272 18820 "GET /static/admin/js/vendor/jquery/jquery.js HTTP/1.1" 304 0
INFO 2026-04-21 08:42:13,957 basehttp 15272 21532 "GET /static/admin/js/admin/RelatedObjectLookups.js HTTP/1.1" 304 0
INFO 2026-04-21 08:42:13,956 basehttp 15272 22292 "GET /static/admin/js/jquery.init.js HTTP/1.1" 304 0
INFO 2026-04-21 08:42:13,961 basehttp 15272 11280 "GET /static/admin/js/core.js HTTP/1.1" 304 0
INFO 2026-04-21 08:42:13,957 basehttp 15272 18820 "GET /static/admin/js/vendor/jquery/jquery.js HTTP/1.1" 304 0
INFO 2026-04-21 08:42:13,957 basehttp 15272 21532 "GET /static/admin/js/admin/RelatedObjectLookups.js HTTP/1.1" 304 0
INFO 2026-04-21 08:42:13,969 basehttp 15272 30712 "GET /static/admin/js/actions.js HTTP/1.1" 304 0
INFO 2026-04-21 08:42:13,961 basehttp 15272 11280 "GET /static/admin/js/core.js HTTP/1.1" 304 0
INFO 2026-04-21 08:42:13,972 basehttp 15272 22292 "GET /static/admin/js/prepopulate.js HTTP/1.1" 304 0
INFO 2026-04-21 08:42:13,969 basehttp 15272 30712 "GET /static/admin/js/actions.js HTTP/1.1" 304 0
INFO 2026-04-21 08:42:13,972 basehttp 15272 22292 "GET /static/admin/js/prepopulate.js HTTP/1.1" 304 0
INFO 2026-04-21 08:42:13,977 basehttp 15272 21532 "GET /static/admin/js/vendor/xregexp/xregexp.js HTTP/1.1" 304 0
INFO 2026-04-21 08:42:13,978 basehttp 15272 18820 "GET /static/admin/js/urlify.js HTTP/1.1" 304 0
INFO 2026-04-21 08:42:13,977 basehttp 15272 21532 "GET /static/admin/js/vendor/xregexp/xregexp.js HTTP/1.1" 304 0
INFO 2026-04-21 08:42:13,978 basehttp 15272 18820 "GET /static/admin/js/urlify.js HTTP/1.1" 304 0
INFO 2026-04-21 08:42:13,982 basehttp 15272 30712 "GET /static/admin/img/search.svg HTTP/1.1" 304 0
INFO 2026-04-21 08:42:13,982 basehttp 15272 30712 "GET /static/admin/img/search.svg HTTP/1.1" 304 0
INFO 2026-04-21 08:42:13,988 basehttp 15272 24036 "GET /admin/jsi18n/ HTTP/1.1" 200 3343
INFO 2026-04-21 08:42:13,988 basehttp 15272 24036 "GET /admin/jsi18n/ HTTP/1.1" 200 3343
INFO 2026-04-21 08:42:13,991 basehttp 15272 30712 "GET /static/admin/js/filters.js HTTP/1.1" 304 0
INFO 2026-04-21 08:42:13,991 basehttp 15272 30712 "GET /static/admin/js/filters.js HTTP/1.1" 304 0
INFO 2026-04-21 08:42:14,031 basehttp 15272 30712 "GET /static/admin/img/tooltag-add.svg HTTP/1.1" 304 0
INFO 2026-04-21 08:42:14,031 basehttp 15272 30712 "GET /static/admin/img/tooltag-add.svg HTTP/1.1" 304 0
INFO 2026-04-21 08:42:18,288 basehttp 15272 30712 "GET /admin/products/product/add/ HTTP/1.1" 200 28253
INFO 2026-04-21 08:42:18,288 basehttp 15272 30712 "GET /admin/products/product/add/ HTTP/1.1" 200 28253
INFO 2026-04-21 08:42:18,337 basehttp 15272 18820 "GET /static/admin/js/inlines.js HTTP/1.1" 304 0
INFO 2026-04-21 08:42:18,338 basehttp 15272 24036 "GET /static/admin/css/forms.css HTTP/1.1" 304 0
INFO 2026-04-21 08:42:18,337 basehttp 15272 18820 "GET /static/admin/js/inlines.js HTTP/1.1" 304 0
INFO 2026-04-21 08:42:18,339 basehttp 15272 21532 "GET /static/admin/img/icon-viewlink.svg HTTP/1.1" 304 0
INFO 2026-04-21 08:42:18,339 basehttp 15272 22292 "GET /static/admin/js/prepopulate_init.js HTTP/1.1" 304 0
INFO 2026-04-21 08:42:18,338 basehttp 15272 24036 "GET /static/admin/css/forms.css HTTP/1.1" 304 0
INFO 2026-04-21 08:42:18,339 basehttp 15272 21532 "GET /static/admin/img/icon-viewlink.svg HTTP/1.1" 304 0
INFO 2026-04-21 08:42:18,339 basehttp 15272 22292 "GET /static/admin/js/prepopulate_init.js HTTP/1.1" 304 0
INFO 2026-04-21 08:42:18,351 basehttp 15272 30712 "GET /admin/jsi18n/ HTTP/1.1" 200 3343
INFO 2026-04-21 08:42:18,352 basehttp 15272 22292 "GET /static/admin/css/widgets.css HTTP/1.1" 304 0
INFO 2026-04-21 08:42:18,351 basehttp 15272 30712 "GET /admin/jsi18n/ HTTP/1.1" 200 3343
INFO 2026-04-21 08:42:18,352 basehttp 15272 22292 "GET /static/admin/css/widgets.css HTTP/1.1" 304 0
INFO 2026-04-21 08:42:18,359 basehttp 15272 30712 "GET /static/admin/js/change_form.js HTTP/1.1" 304 0
INFO 2026-04-21 08:42:18,359 basehttp 15272 30712 "GET /static/admin/js/change_form.js HTTP/1.1" 304 0
INFO 2026-04-21 08:42:18,461 basehttp 15272 30712 "GET /static/admin/img/inline-delete.svg HTTP/1.1" 304 0
INFO 2026-04-21 08:42:18,461 basehttp 15272 30712 "GET /static/admin/img/inline-delete.svg HTTP/1.1" 304 0
INFO 2026-04-21 08:42:27,406 basehttp 15272 30712 "GET /admin/cart/cart/add/ HTTP/1.1" 200 15906
INFO 2026-04-21 08:42:27,406 basehttp 15272 30712 "GET /admin/cart/cart/add/ HTTP/1.1" 200 15906
INFO 2026-04-21 08:42:27,458 basehttp 15272 30712 "GET /admin/jsi18n/ HTTP/1.1" 200 3343
INFO 2026-04-21 08:42:27,458 basehttp 15272 30712 "GET /admin/jsi18n/ HTTP/1.1" 200 3343
INFO 2026-04-21 08:50:55,203 autoreload 15272 27920 C:\Users\HP\Desktop\electronics_ecommerce\backend\apps\cart\views.py changed, reloading.
INFO 2026-04-21 08:50:55,203 autoreload 15272 27920 C:\Users\HP\Desktop\electronics_ecommerce\backend\apps\cart\views.py changed, reloading.
INFO 2026-04-21 08:50:56,748 autoreload 15300 31404 Watching for file changes with StatReloader
INFO 2026-04-21 08:50:56,748 autoreload 15300 31404 Watching for file changes with StatReloader
INFO 2026-04-21 08:57:44,144 autoreload 29640 16432 Watching for file changes with StatReloader
INFO 2026-04-21 08:57:44,144 autoreload 29640 16432 Watching for file changes with StatReloader
INFO 2026-04-21 08:58:03,289 basehttp 29640 4644 "GET /admin/cart/cart/add/ HTTP/1.1" 200 15906
INFO 2026-04-21 08:58:03,289 basehttp 29640 4644 "GET /admin/cart/cart/add/ HTTP/1.1" 200 15906
INFO 2026-04-21 08:58:03,362 basehttp 29640 4644 "GET /admin/jsi18n/ HTTP/1.1" 200 3343
INFO 2026-04-21 08:58:03,362 basehttp 29640 4644 "GET /admin/jsi18n/ HTTP/1.1" 200 3343
INFO 2026-04-21 08:58:11,170 basehttp 29640 4644 "GET /admin/cart/cart/add/ HTTP/1.1" 200 15906
INFO 2026-04-21 08:58:11,170 basehttp 29640 4644 "GET /admin/cart/cart/add/ HTTP/1.1" 200 15906
INFO 2026-04-21 08:58:11,237 basehttp 29640 4644 "GET /admin/jsi18n/ HTTP/1.1" 200 3343
INFO 2026-04-21 08:58:11,237 basehttp 29640 4644 "GET /admin/jsi18n/ HTTP/1.1" 200 3343
INFO 2026-04-21 09:26:10,870 autoreload 14816 1056 Watching for file changes with StatReloader
INFO 2026-04-21 09:26:10,870 autoreload 14816 1056 Watching for file changes with StatReloader
INFO 2026-04-21 09:26:20,478 basehttp 14816 23112 "GET /admin/cart/cart/add/ HTTP/1.1" 200 15906
INFO 2026-04-21 09:26:20,478 basehttp 14816 23112 "GET /admin/cart/cart/add/ HTTP/1.1" 200 15906
INFO 2026-04-21 09:26:20,568 basehttp 14816 23112 "GET /admin/jsi18n/ HTTP/1.1" 200 3343
INFO 2026-04-21 09:26:20,568 basehttp 14816 23112 "GET /admin/jsi18n/ HTTP/1.1" 200 3343
INFO 2026-04-21 09:35:59,522 basehttp 14816 22672 "GET /admin/cart/cart/add/ HTTP/1.1" 200 15906
INFO 2026-04-21 09:35:59,522 basehttp 14816 22672 "GET /admin/cart/cart/add/ HTTP/1.1" 200 15906
INFO 2026-04-21 09:35:59,578 basehttp 14816 22672 "GET /admin/jsi18n/ HTTP/1.1" 200 3343
INFO 2026-04-21 09:35:59,578 basehttp 14816 22672 "GET /admin/jsi18n/ HTTP/1.1" 200 3343
INFO 2026-04-21 09:38:11,723 autoreload 6936 30524 Watching for file changes with StatReloader
INFO 2026-04-21 09:38:11,723 autoreload 6936 30524 Watching for file changes with StatReloader
INFO 2026-04-21 09:38:18,489 basehttp 6936 10028 "GET /admin/cart/cart/add/ HTTP/1.1" 200 15906
INFO 2026-04-21 09:38:18,489 basehttp 6936 10028 "GET /admin/cart/cart/add/ HTTP/1.1" 200 15906
INFO 2026-04-21 09:38:18,525 basehttp 6936 10028 "GET /admin/jsi18n/ HTTP/1.1" 200 3343
INFO 2026-04-21 09:38:18,525 basehttp 6936 10028 "GET /admin/jsi18n/ HTTP/1.1" 200 3343
INFO 2026-04-21 09:38:20,921 basehttp 6936 10028 "GET /admin/cart/cart/add/ HTTP/1.1" 200 15906
INFO 2026-04-21 09:38:20,921 basehttp 6936 10028 "GET /admin/cart/cart/add/ HTTP/1.1" 200 15906
INFO 2026-04-21 09:38:20,957 basehttp 6936 10028 "GET /admin/jsi18n/ HTTP/1.1" 200 3343
INFO 2026-04-21 09:38:20,957 basehttp 6936 10028 "GET /admin/jsi18n/ HTTP/1.1" 200 3343
INFO 2026-04-21 12:42:06,924 basehttp 6936 14040 "GET /admin/products/wishlist/ HTTP/1.1" 200 11990
INFO 2026-04-21 12:42:06,924 basehttp 6936 14040 "GET /admin/products/wishlist/ HTTP/1.1" 200 11990
INFO 2026-04-21 12:42:07,000 basehttp 6936 14040 "GET /admin/jsi18n/ HTTP/1.1" 200 3343
INFO 2026-04-21 12:42:07,000 basehttp 6936 14040 "GET /admin/jsi18n/ HTTP/1.1" 200 3343
INFO 2026-04-21 12:42:09,154 basehttp 6936 14040 "GET /admin/orders/orderitem/ HTTP/1.1" 200 11107
INFO 2026-04-21 12:42:09,154 basehttp 6936 14040 "GET /admin/orders/orderitem/ HTTP/1.1" 200 11107
INFO 2026-04-21 12:42:09,217 basehttp 6936 14040 "GET /admin/jsi18n/ HTTP/1.1" 200 3343
INFO 2026-04-21 12:42:09,217 basehttp 6936 14040 "GET /admin/jsi18n/ HTTP/1.1" 200 3343
INFO 2026-04-21 12:42:13,833 basehttp 6936 14040 "GET /admin/products/product/ HTTP/1.1" 200 12977
INFO 2026-04-21 12:42:13,833 basehttp 6936 14040 "GET /admin/products/product/ HTTP/1.1" 200 12977
INFO 2026-04-21 12:42:13,890 basehttp 6936 14040 "GET /admin/jsi18n/ HTTP/1.1" 200 3343
INFO 2026-04-21 12:42:13,890 basehttp 6936 14040 "GET /admin/jsi18n/ HTTP/1.1" 200 3343
INFO 2026-04-21 12:42:19,711 basehttp 6936 14040 "GET /admin/accounts/user/add/ HTTP/1.1" 200 13625
INFO 2026-04-21 12:42:19,711 basehttp 6936 14040 "GET /admin/accounts/user/add/ HTTP/1.1" 200 13625
INFO 2026-04-21 12:42:19,766 basehttp 6936 14040 "GET /admin/jsi18n/ HTTP/1.1" 200 3343
INFO 2026-04-21 12:42:19,766 basehttp 6936 14040 "GET /admin/jsi18n/ HTTP/1.1" 200 3343
INFO 2026-04-21 12:43:37,253 basehttp 6936 14040 "GET /admin/products/wishlist/ HTTP/1.1" 200 11990
INFO 2026-04-21 12:43:37,253 basehttp 6936 14040 "GET /admin/products/wishlist/ HTTP/1.1" 200 11990
INFO 2026-04-21 12:43:37,313 basehttp 6936 14040 "GET /admin/jsi18n/ HTTP/1.1" 200 3343
INFO 2026-04-21 12:43:37,313 basehttp 6936 14040 "GET /admin/jsi18n/ HTTP/1.1" 200 3343
INFO 2026-04-21 12:43:40,382 basehttp 6936 14040 "GET /admin/products/wishlist/add/ HTTP/1.1" 200 14125
INFO 2026-04-21 12:43:40,382 basehttp 6936 14040 "GET /admin/products/wishlist/add/ HTTP/1.1" 200 14125
INFO 2026-04-21 12:43:40,454 basehttp 6936 14040 "GET /admin/jsi18n/ HTTP/1.1" 200 3343
INFO 2026-04-21 12:43:40,454 basehttp 6936 14040 "GET /admin/jsi18n/ HTTP/1.1" 200 3343
INFO 2026-04-21 12:43:43,791 basehttp 6936 14040 "GET /admin/cart/cartitem/ HTTP/1.1" 200 11979
INFO 2026-04-21 12:43:43,791 basehttp 6936 14040 "GET /admin/cart/cartitem/ HTTP/1.1" 200 11979
INFO 2026-04-21 12:43:43,853 basehttp 6936 14040 "GET /admin/jsi18n/ HTTP/1.1" 200 3343
INFO 2026-04-21 12:43:43,853 basehttp 6936 14040 "GET /admin/jsi18n/ HTTP/1.1" 200 3343
INFO 2026-04-21 13:03:31,807 autoreload 7632 23876 Watching for file changes with StatReloader
INFO 2026-04-21 13:03:31,807 autoreload 7632 23876 Watching for file changes with StatReloader
INFO 2026-04-21 13:03:43,554 basehttp 7632 19500 "GET /admin/cart/cartitem/ HTTP/1.1" 200 11979
INFO 2026-04-21 13:03:43,554 basehttp 7632 19500 "GET /admin/cart/cartitem/ HTTP/1.1" 200 11979
INFO 2026-04-21 13:03:43,613 basehttp 7632 19500 "GET /admin/jsi18n/ HTTP/1.1" 200 3343
INFO 2026-04-21 13:03:43,613 basehttp 7632 19500 "GET /admin/jsi18n/ HTTP/1.1" 200 3343
INFO 2026-04-21 13:03:53,632 basehttp 7632 19500 "GET /admin/products/product/ HTTP/1.1" 200 12977
INFO 2026-04-21 13:03:53,632 basehttp 7632 19500 "GET /admin/products/product/ HTTP/1.1" 200 12977
INFO 2026-04-21 13:03:53,680 basehttp 7632 19500 "GET /admin/jsi18n/ HTTP/1.1" 200 3343
INFO 2026-04-21 13:03:53,680 basehttp 7632 19500 "GET /admin/jsi18n/ HTTP/1.1" 200 3343
INFO 2026-04-21 13:03:57,672 basehttp 7632 19500 "GET /admin/products/product/add/ HTTP/1.1" 200 28253
INFO 2026-04-21 13:03:57,672 basehttp 7632 19500 "GET /admin/products/product/add/ HTTP/1.1" 200 28253
INFO 2026-04-21 13:03:57,723 basehttp 7632 19500 "GET /admin/jsi18n/ HTTP/1.1" 200 3343
INFO 2026-04-21 13:03:57,723 basehttp 7632 19500 "GET /admin/jsi18n/ HTTP/1.1" 200 3343
INFO 2026-04-21 13:05:55,263 basehttp 7632 19500 "GET /admin/products/review/ HTTP/1.1" 200 12469
INFO 2026-04-21 13:05:55,263 basehttp 7632 19500 "GET /admin/products/review/ HTTP/1.1" 200 12469
INFO 2026-04-21 13:05:55,318 basehttp 7632 19500 "GET /admin/jsi18n/ HTTP/1.1" 200 3343
INFO 2026-04-21 13:05:55,318 basehttp 7632 19500 "GET /admin/jsi18n/ HTTP/1.1" 200 3343
INFO 2026-04-21 13:06:00,077 basehttp 7632 19500 "GET /admin/products/review/add/ HTTP/1.1" 200 17184
INFO 2026-04-21 13:06:00,077 basehttp 7632 19500 "GET /admin/products/review/add/ HTTP/1.1" 200 17184
INFO 2026-04-21 13:06:00,126 basehttp 7632 19500 "GET /admin/jsi18n/ HTTP/1.1" 200 3343
INFO 2026-04-21 13:06:00,126 basehttp 7632 19500 "GET /admin/jsi18n/ HTTP/1.1" 200 3343
WARNING 2026-04-21 13:09:06,617 log 7632 19500 Not Found: /
WARNING 2026-04-21 13:09:06,617 log 7632 19500 Not Found: /
WARNING 2026-04-21 13:09:06,619 basehttp 7632 19500 "GET / HTTP/1.1" 404 3240
WARNING 2026-04-21 13:09:06,619 basehttp 7632 19500 "GET / HTTP/1.1" 404 3240
INFO 2026-04-21 13:09:22,744 basehttp 7632 19500 "GET /admin/ HTTP/1.1" 200 10587
INFO 2026-04-21 13:09:22,744 basehttp 7632 19500 "GET /admin/ HTTP/1.1" 200 10587
WARNING 2026-04-21 13:09:27,337 log 7632 19500 Unauthorized: /api/cart/
WARNING 2026-04-21 13:09:27,337 log 7632 19500 Unauthorized: /api/cart/
WARNING 2026-04-21 13:09:27,338 basehttp 7632 19500 "GET /api/cart/ HTTP/1.1" 401 5010
WARNING 2026-04-21 13:09:27,338 basehttp 7632 19500 "GET /api/cart/ HTTP/1.1" 401 5010
INFO 2026-04-21 13:09:27,388 basehttp 7632 19500 "GET /static/rest_framework/css/bootstrap.min.css HTTP/1.1" 304 0
INFO 2026-04-21 13:09:27,388 basehttp 7632 19500 "GET /static/rest_framework/css/bootstrap.min.css HTTP/1.1" 304 0
INFO 2026-04-21 13:09:27,399 basehttp 7632 19500 "GET /static/rest_framework/css/bootstrap-tweaks.css HTTP/1.1" 304 0
INFO 2026-04-21 13:09:27,401 basehttp 7632 21992 "GET /static/rest_framework/css/prettify.css HTTP/1.1" 304 0
INFO 2026-04-21 13:09:27,399 basehttp 7632 19500 "GET /static/rest_framework/css/bootstrap-tweaks.css HTTP/1.1" 304 0
INFO 2026-04-21 13:09:27,401 basehttp 7632 21992 "GET /static/rest_framework/css/prettify.css HTTP/1.1" 304 0
INFO 2026-04-21 13:09:27,406 basehttp 7632 24368 "GET /static/rest_framework/js/jquery-3.7.1.min.js HTTP/1.1" 304 0
INFO 2026-04-21 13:09:27,408 basehttp 7632 19500 "GET /static/rest_framework/js/bootstrap.min.js HTTP/1.1" 304 0
INFO 2026-04-21 13:09:27,411 basehttp 7632 23400 "GET /static/rest_framework/js/csrf.js HTTP/1.1" 304 0
INFO 2026-04-21 13:09:27,409 basehttp 7632 25160 "GET /static/rest_framework/js/ajax-form.js HTTP/1.1" 304 0
INFO 2026-04-21 13:09:27,412 basehttp 7632 21992 "GET /static/rest_framework/js/prettify-min.js HTTP/1.1" 304 0
INFO 2026-04-21 13:09:27,406 basehttp 7632 24368 "GET /static/rest_framework/js/jquery-3.7.1.min.js HTTP/1.1" 304 0
INFO 2026-04-21 13:09:27,410 basehttp 7632 31728 "GET /static/rest_framework/css/default.css HTTP/1.1" 304 0
INFO 2026-04-21 13:09:27,408 basehttp 7632 19500 "GET /static/rest_framework/js/bootstrap.min.js HTTP/1.1" 304 0
INFO 2026-04-21 13:09:27,411 basehttp 7632 23400 "GET /static/rest_framework/js/csrf.js HTTP/1.1" 304 0
INFO 2026-04-21 13:09:27,409 basehttp 7632 25160 "GET /static/rest_framework/js/ajax-form.js HTTP/1.1" 304 0
INFO 2026-04-21 13:09:27,412 basehttp 7632 21992 "GET /static/rest_framework/js/prettify-min.js HTTP/1.1" 304 0
INFO 2026-04-21 13:09:27,410 basehttp 7632 31728 "GET /static/rest_framework/css/default.css HTTP/1.1" 304 0
INFO 2026-04-21 13:09:27,417 basehttp 7632 24368 "GET /static/rest_framework/js/default.js HTTP/1.1" 304 0
INFO 2026-04-21 13:09:27,417 basehttp 7632 24368 "GET /static/rest_framework/js/default.js HTTP/1.1" 304 0
INFO 2026-04-21 13:09:27,420 basehttp 7632 31728 "GET /static/rest_framework/js/load-ajax-form.js HTTP/1.1" 304 0
INFO 2026-04-21 13:09:27,420 basehttp 7632 31728 "GET /static/rest_framework/js/load-ajax-form.js HTTP/1.1" 304 0
INFO 2026-04-21 13:09:27,428 basehttp 7632 31728 "GET /static/rest_framework/img/grid.png HTTP/1.1" 304 0
INFO 2026-04-21 13:09:27,428 basehttp 7632 31728 "GET /static/rest_framework/img/grid.png HTTP/1.1" 304 0
WARNING 2026-04-21 13:10:28,682 log 7632 31728 Unauthorized: /api/products/wishlist/
WARNING 2026-04-21 13:10:28,682 log 7632 31728 Unauthorized: /api/products/wishlist/
WARNING 2026-04-21 13:10:28,683 basehttp 7632 31728 "GET /api/products/wishlist/ HTTP/1.1" 401 5113
WARNING 2026-04-21 13:10:28,683 basehttp 7632 31728 "GET /api/products/wishlist/ HTTP/1.1" 401 5113
WARNING 2026-04-21 13:11:43,700 log 7632 31728 Not Found: /api/products/
WARNING 2026-04-21 13:11:43,700 log 7632 31728 Not Found: /api/products/
WARNING 2026-04-21 13:11:43,701 basehttp 7632 31728 "GET /api/products/ HTTP/1.1" 404 4790
WARNING 2026-04-21 13:11:43,701 basehttp 7632 31728 "GET /api/products/ HTTP/1.1" 404 4790
INFO 2026-04-21 13:12:41,251 basehttp 7632 31728 "GET /admin/ HTTP/1.1" 200 10587
INFO 2026-04-21 13:12:41,251 basehttp 7632 31728 "GET /admin/ HTTP/1.1" 200 10587
WARNING 2026-04-21 13:12:52,022 log 7632 31728 Not Found: /api/admin/
WARNING 2026-04-21 13:12:52,022 log 7632 31728 Not Found: /api/admin/
WARNING 2026-04-21 13:12:52,023 basehttp 7632 31728 "GET /api/admin/ HTTP/1.1" 404 3554
WARNING 2026-04-21 13:12:52,023 basehttp 7632 31728 "GET /api/admin/ HTTP/1.1" 404 3554
WARNING 2026-04-21 13:13:19,981 log 7632 31728 Not Found: /
WARNING 2026-04-21 13:13:19,981 log 7632 31728 Not Found: /
WARNING 2026-04-21 13:13:19,982 basehttp 7632 31728 "GET / HTTP/1.1" 404 3240
WARNING 2026-04-21 13:13:19,982 basehttp 7632 31728 "GET / HTTP/1.1" 404 3240
INFO 2026-04-21 13:13:33,997 basehttp 7632 31728 "GET /admin/ HTTP/1.1" 200 10587
INFO 2026-04-21 13:13:33,997 basehttp 7632 31728 "GET /admin/ HTTP/1.1" 200 10587
WARNING 2026-04-21 13:13:36,069 log 7632 31728 Not Found: /api/admin/
WARNING 2026-04-21 13:13:36,069 log 7632 31728 Not Found: /api/admin/
WARNING 2026-04-21 13:13:36,070 basehttp 7632 31728 "GET /api/admin/ HTTP/1.1" 404 3554
WARNING 2026-04-21 13:13:36,070 basehttp 7632 31728 "GET /api/admin/ HTTP/1.1" 404 3554
WARNING 2026-04-21 13:13:37,169 log 7632 31728 Not Found: /api/admin/
WARNING 2026-04-21 13:13:37,169 log 7632 31728 Not Found: /api/admin/
WARNING 2026-04-21 13:13:37,170 basehttp 7632 31728 "GET /api/admin/ HTTP/1.1" 404 3554
WARNING 2026-04-21 13:13:37,170 basehttp 7632 31728 "GET /api/admin/ HTTP/1.1" 404 3554
INFO 2026-04-21 13:13:57,960 basehttp 7632 31728 "GET /api/admin/stats HTTP/1.1" 301 0
INFO 2026-04-21 13:13:57,960 basehttp 7632 31728 "GET /api/admin/stats HTTP/1.1" 301 0
WARNING 2026-04-21 13:13:57,982 log 7632 24368 Unauthorized: /api/admin/stats/
WARNING 2026-04-21 13:13:57,982 log 7632 24368 Unauthorized: /api/admin/stats/
WARNING 2026-04-21 13:13:57,984 basehttp 7632 24368 "GET /api/admin/stats/ HTTP/1.1" 401 5111
WARNING 2026-04-21 13:13:57,984 basehttp 7632 24368 "GET /api/admin/stats/ HTTP/1.1" 401 5111
WARNING 2026-04-22 19:09:11,423 log 7632 1156 Not Found: /api/register/
WARNING 2026-04-22 19:09:11,423 log 7632 1156 Not Found: /api/register/
WARNING 2026-04-22 19:09:11,441 basehttp 7632 1156 "GET /api/register/ HTTP/1.1" 404 3297
WARNING 2026-04-22 19:09:11,441 basehttp 7632 1156 "GET /api/register/ HTTP/1.1" 404 3297
INFO 2026-05-19 18:42:25,602 autoreload 11676 12848 Watching for file changes with StatReloader
INFO 2026-05-19 18:42:25,602 autoreload 11676 12848 Watching for file changes with StatReloader
WARNING 2026-05-19 18:44:09,473 log 11676 21092 Not Found: /
WARNING 2026-05-19 18:44:09,473 log 11676 21092 Not Found: /
WARNING 2026-05-19 18:44:09,475 basehttp 11676 21092 "GET / HTTP/1.1" 404 3240
WARNING 2026-05-19 18:44:09,475 basehttp 11676 21092 "GET / HTTP/1.1" 404 3240
WARNING 2026-05-19 18:44:10,257 log 11676 21092 Not Found: /
WARNING 2026-05-19 18:44:10,257 log 11676 21092 Not Found: /
WARNING 2026-05-19 18:44:10,259 basehttp 11676 21092 "GET / HTTP/1.1" 404 3240
WARNING 2026-05-19 18:44:10,259 basehttp 11676 21092 "GET / HTTP/1.1" 404 3240
WARNING 2026-05-19 18:44:10,444 log 11676 21092 Not Found: /favicon.ico
WARNING 2026-05-19 18:44:10,444 log 11676 21092 Not Found: /favicon.ico
WARNING 2026-05-19 18:44:10,446 basehttp 11676 21092 "GET /favicon.ico HTTP/1.1" 404 3291
WARNING 2026-05-19 18:44:10,446 basehttp 11676 21092 "GET /favicon.ico HTTP/1.1" 404 3291
INFO 2026-05-19 18:44:21,063 basehttp 11676 21092 "GET /admin/ HTTP/1.1" 302 0
INFO 2026-05-19 18:44:21,063 basehttp 11676 21092 "GET /admin/ HTTP/1.1" 302 0
INFO 2026-05-19 18:44:21,322 basehttp 11676 21092 "GET /admin/login/?next=/admin/ HTTP/1.1" 200 4182
INFO 2026-05-19 18:44:21,322 basehttp 11676 21092 "GET /admin/login/?next=/admin/ HTTP/1.1" 200 4182
INFO 2026-05-19 18:44:22,056 basehttp 11676 9084 "GET /static/admin/css/dark_mode.css HTTP/1.1" 200 2929
INFO 2026-05-19 18:44:22,056 basehttp 11676 9084 "GET /static/admin/css/dark_mode.css HTTP/1.1" 200 2929
INFO 2026-05-19 18:44:22,058 basehttp 11676 14040 "GET /static/admin/css/login.css HTTP/1.1" 200 958
INFO 2026-05-19 18:44:22,058 basehttp 11676 14040 "GET /static/admin/css/login.css HTTP/1.1" 200 958
INFO 2026-05-19 18:44:22,064 basehttp 11676 12248 "GET /static/admin/css/nav_sidebar.css HTTP/1.1" 200 2694
INFO 2026-05-19 18:44:22,064 basehttp 11676 12248 "GET /static/admin/css/nav_sidebar.css HTTP/1.1" 200 2694
INFO 2026-05-19 18:44:22,066 basehttp 11676 27208 "GET /static/admin/css/responsive.css HTTP/1.1" 200 18559
INFO 2026-05-19 18:44:22,066 basehttp 11676 27208 "GET /static/admin/css/responsive.css HTTP/1.1" 200 18559
INFO 2026-05-19 18:44:22,071 basehttp 11676 21092 "GET /static/admin/css/base.css HTTP/1.1" 200 21310
INFO 2026-05-19 18:44:22,071 basehttp 11676 21092 "GET /static/admin/css/base.css HTTP/1.1" 200 21310
INFO 2026-05-19 18:44:22,127 basehttp 11676 27208 "GET /static/admin/js/theme.js HTTP/1.1" 200 1943
INFO 2026-05-19 18:44:22,127 basehttp 11676 27208 "GET /static/admin/js/theme.js HTTP/1.1" 200 1943
INFO 2026-05-19 18:44:22,128 basehttp 11676 12248 "GET /static/admin/js/nav_sidebar.js HTTP/1.1" 200 3063
INFO 2026-05-19 18:44:22,128 basehttp 11676 12248 "GET /static/admin/js/nav_sidebar.js HTTP/1.1" 200 3063
INFO 2026-05-19 18:45:14,126 basehttp 11676 12248 "POST /admin/login/?next=/admin/ HTTP/1.1" 302 0
INFO 2026-05-19 18:45:14,126 basehttp 11676 12248 "POST /admin/login/?next=/admin/ HTTP/1.1" 302 0
INFO 2026-05-19 18:45:14,253 basehttp 11676 12248 "GET /admin/ HTTP/1.1" 200 10587
INFO 2026-05-19 18:45:14,253 basehttp 11676 12248 "GET /admin/ HTTP/1.1" 200 10587
INFO 2026-05-19 18:45:14,301 basehttp 11676 12248 "GET /static/admin/css/dashboard.css HTTP/1.1" 200 441
INFO 2026-05-19 18:45:14,301 basehttp 11676 12248 "GET /static/admin/css/dashboard.css HTTP/1.1" 200 441
INFO 2026-05-19 18:45:14,327 basehttp 11676 27208 "GET /static/admin/img/icon-changelink.svg HTTP/1.1" 200 380
INFO 2026-05-19 18:45:14,327 basehttp 11676 27208 "GET /static/admin/img/icon-changelink.svg HTTP/1.1" 200 380
INFO 2026-05-19 18:45:14,328 basehttp 11676 12248 "GET /static/admin/img/icon-addlink.svg HTTP/1.1" 200 331
INFO 2026-05-19 18:45:14,328 basehttp 11676 12248 "GET /static/admin/img/icon-addlink.svg HTTP/1.1" 200 331
INFO 2026-05-19 18:45:29,487 basehttp 11676 12248 "GET /admin/accounts/user/ HTTP/1.1" 200 14193
INFO 2026-05-19 18:45:29,487 basehttp 11676 12248 "GET /admin/accounts/user/ HTTP/1.1" 200 14193
INFO 2026-05-19 18:45:29,551 basehttp 11676 12248 "GET /static/admin/css/changelists.css HTTP/1.1" 200 6566
INFO 2026-05-19 18:45:29,551 basehttp 11676 12248 "GET /static/admin/css/changelists.css HTTP/1.1" 200 6566
INFO 2026-05-19 18:45:29,559 basehttp 11676 27208 "GET /admin/jsi18n/ HTTP/1.1" 200 3343
INFO 2026-05-19 18:45:29,559 basehttp 11676 27208 "GET /admin/jsi18n/ HTTP/1.1" 200 3343
INFO 2026-05-19 18:45:29,594 basehttp 11676 14040 "GET /static/admin/js/jquery.init.js HTTP/1.1" 200 347
INFO 2026-05-19 18:45:29,594 basehttp 11676 14040 "GET /static/admin/js/jquery.init.js HTTP/1.1" 200 347
INFO 2026-05-19 18:45:29,625 basehttp 11676 9084 "GET /static/admin/js/core.js HTTP/1.1" 200 5682
INFO 2026-05-19 18:45:29,625 basehttp 11676 9084 "GET /static/admin/js/core.js HTTP/1.1" 200 5682
INFO 2026-05-19 18:45:29,641 basehttp 11676 27208 "GET /static/admin/js/urlify.js HTTP/1.1" 200 7887
INFO 2026-05-19 18:45:29,641 basehttp 11676 27208 "GET /static/admin/js/urlify.js HTTP/1.1" 200 7887
INFO 2026-05-19 18:45:29,645 basehttp 11676 12248 "GET /static/admin/js/actions.js HTTP/1.1" 200 7872
INFO 2026-05-19 18:45:29,645 basehttp 11676 12248 "GET /static/admin/js/actions.js HTTP/1.1" 200 7872
INFO 2026-05-19 18:45:29,677 basehttp 11676 14040 "GET /static/admin/js/prepopulate.js HTTP/1.1" 200 1531
INFO 2026-05-19 18:45:29,677 basehttp 11676 14040 "GET /static/admin/js/prepopulate.js HTTP/1.1" 200 1531
INFO 2026-05-19 18:45:29,685 basehttp 11676 26856 "GET /static/admin/js/admin/RelatedObjectLookups.js HTTP/1.1" 200 8943
INFO 2026-05-19 18:45:29,685 basehttp 11676 26856 "GET /static/admin/js/admin/RelatedObjectLookups.js HTTP/1.1" 200 8943
INFO 2026-05-19 18:45:29,711 basehttp 11676 14040 "GET /static/admin/img/icon-yes.svg HTTP/1.1" 200 436
INFO 2026-05-19 18:45:29,711 basehttp 11676 14040 "GET /static/admin/img/icon-yes.svg HTTP/1.1" 200 436
INFO 2026-05-19 18:45:29,714 basehttp 11676 26856 "GET /static/admin/img/search.svg HTTP/1.1" 200 458
INFO 2026-05-19 18:45:29,714 basehttp 11676 26856 "GET /static/admin/img/search.svg HTTP/1.1" 200 458
INFO 2026-05-19 18:45:29,779 basehttp 11676 21092 "GET /static/admin/js/vendor/jquery/jquery.js HTTP/1.1" 200 292458
INFO 2026-05-19 18:45:29,779 basehttp 11676 21092 "GET /static/admin/js/vendor/jquery/jquery.js HTTP/1.1" 200 292458
INFO 2026-05-19 18:45:29,860 basehttp 11676 21092 "GET /static/admin/js/filters.js HTTP/1.1" 200 978
INFO 2026-05-19 18:45:29,860 basehttp 11676 21092 "GET /static/admin/js/filters.js HTTP/1.1" 200 978
INFO 2026-05-19 18:45:29,880 basehttp 11676 9084 "GET /static/admin/js/vendor/xregexp/xregexp.js HTTP/1.1" 200 232381
INFO 2026-05-19 18:45:29,880 basehttp 11676 9084 "GET /static/admin/js/vendor/xregexp/xregexp.js HTTP/1.1" 200 232381
INFO 2026-05-19 18:45:29,927 basehttp 11676 9084 "GET /static/admin/img/tooltag-add.svg HTTP/1.1" 200 331
INFO 2026-05-19 18:45:29,927 basehttp 11676 9084 "GET /static/admin/img/tooltag-add.svg HTTP/1.1" 200 331
INFO 2026-05-19 18:45:34,594 basehttp 11676 9084 "GET /admin/ HTTP/1.1" 200 10587
INFO 2026-05-19 18:45:34,594 basehttp 11676 9084 "GET /admin/ HTTP/1.1" 200 10587
INFO 2026-05-19 18:46:32,209 basehttp 11676 9084 "GET /admin/auth/group/ HTTP/1.1" 200 11094
INFO 2026-05-19 18:46:32,209 basehttp 11676 9084 "GET /admin/auth/group/ HTTP/1.1" 200 11094
INFO 2026-05-19 18:46:32,257 basehttp 11676 9084 "GET /admin/jsi18n/ HTTP/1.1" 200 3343
INFO 2026-05-19 18:46:32,257 basehttp 11676 9084 "GET /admin/jsi18n/ HTTP/1.1" 200 3343
INFO 2026-05-19 18:46:38,128 basehttp 11676 9084 "GET /admin/ HTTP/1.1" 200 10587
INFO 2026-05-19 18:46:38,128 basehttp 11676 9084 "GET /admin/ HTTP/1.1" 200 10587
WARNING 2026-05-19 18:49:36,394 log 11676 9084 Not Found: /
WARNING 2026-05-19 18:49:36,394 log 11676 9084 Not Found: /
WARNING 2026-05-19 18:49:36,397 basehttp 11676 9084 "GET / HTTP/1.1" 404 3240
WARNING 2026-05-19 18:49:36,397 basehttp 11676 9084 "GET / HTTP/1.1" 404 3240
WARNING 2026-05-19 18:50:33,805 log 11676 6836 Not Found: /api/auth/
WARNING 2026-05-19 18:50:33,805 log 11676 6836 Not Found: /api/auth/
WARNING 2026-05-19 18:50:33,806 basehttp 11676 6836 "GET /api/auth/ HTTP/1.1" 404 4274
WARNING 2026-05-19 18:50:33,806 basehttp 11676 6836 "GET /api/auth/ HTTP/1.1" 404 4274
WARNING 2026-05-19 18:50:51,889 log 11676 6836 Not Found: /api/auth/admin/
WARNING 2026-05-19 18:50:51,889 log 11676 6836 Not Found: /api/auth/admin/
WARNING 2026-05-19 18:50:51,891 basehttp 11676 6836 "GET /api/auth/admin/ HTTP/1.1" 404 4292
WARNING 2026-05-19 18:50:51,891 basehttp 11676 6836 "GET /api/auth/admin/ HTTP/1.1" 404 4292
WARNING 2026-05-19 18:51:10,795 log 11676 6836 Not Found: /api/auth/ register/
WARNING 2026-05-19 18:51:10,795 log 11676 6836 Not Found: /api/auth/ register/
WARNING 2026-05-19 18:51:10,798 basehttp 11676 6836 "GET /api/auth/%20register/ HTTP/1.1" 404 4306
WARNING 2026-05-19 18:51:10,798 basehttp 11676 6836 "GET /api/auth/%20register/ HTTP/1.1" 404 4306
WARNING 2026-05-19 18:51:29,487 log 11676 6836 Method Not Allowed: /api/auth/register/
WARNING 2026-05-19 18:51:29,487 log 11676 6836 Method Not Allowed: /api/auth/register/
WARNING 2026-05-19 18:51:29,488 basehttp 11676 6836 "GET /api/auth/register/ HTTP/1.1" 405 5587
WARNING 2026-05-19 18:51:29,488 basehttp 11676 6836 "GET /api/auth/register/ HTTP/1.1" 405 5587
INFO 2026-05-19 18:51:29,555 basehttp 11676 6836 "GET /static/rest_framework/css/bootstrap.min.css HTTP/1.1" 200 121457
INFO 2026-05-19 18:51:29,557 basehttp 11676 20108 "GET /static/rest_framework/css/bootstrap-tweaks.css HTTP/1.1" 200 3426
INFO 2026-05-19 18:51:29,555 basehttp 11676 6836 "GET /static/rest_framework/css/bootstrap.min.css HTTP/1.1" 200 121457
INFO 2026-05-19 18:51:29,557 basehttp 11676 20108 "GET /static/rest_framework/css/bootstrap-tweaks.css HTTP/1.1" 200 3426
INFO 2026-05-19 18:51:29,562 basehttp 11676 7204 "GET /static/rest_framework/css/prettify.css HTTP/1.1" 200 817
INFO 2026-05-19 18:51:29,562 basehttp 11676 7204 "GET /static/rest_framework/css/prettify.css HTTP/1.1" 200 817
INFO 2026-05-19 18:51:29,563 basehttp 11676 6572 "GET /static/rest_framework/css/default.css HTTP/1.1" 200 1152
INFO 2026-05-19 18:51:29,563 basehttp 11676 6572 "GET /static/rest_framework/css/default.css HTTP/1.1" 200 1152
INFO 2026-05-19 18:51:29,625 basehttp 11676 12764 "GET /static/rest_framework/js/ajax-form.js HTTP/1.1" 200 3796
INFO 2026-05-19 18:51:29,625 basehttp 11676 12764 "GET /static/rest_framework/js/ajax-form.js HTTP/1.1" 200 3796
INFO 2026-05-19 18:51:29,645 basehttp 11676 6572 "GET /static/rest_framework/js/default.js HTTP/1.1" 200 1268
INFO 2026-05-19 18:51:29,645 basehttp 11676 6572 "GET /static/rest_framework/js/default.js HTTP/1.1" 200 1268
INFO 2026-05-19 18:51:29,661 basehttp 11676 6836 "GET /static/rest_framework/js/csrf.js HTTP/1.1" 200 1793
INFO 2026-05-19 18:51:29,661 basehttp 11676 6836 "GET /static/rest_framework/js/csrf.js HTTP/1.1" 200 1793
INFO 2026-05-19 18:51:29,675 basehttp 11676 12764 "GET /static/rest_framework/js/load-ajax-form.js HTTP/1.1" 200 59
INFO 2026-05-19 18:51:29,675 basehttp 11676 12764 "GET /static/rest_framework/js/load-ajax-form.js HTTP/1.1" 200 59
INFO 2026-05-19 18:51:29,692 basehttp 11676 6572 "GET /static/rest_framework/img/grid.png HTTP/1.1" 200 1458
INFO 2026-05-19 18:51:29,692 basehttp 11676 6572 "GET /static/rest_framework/img/grid.png HTTP/1.1" 200 1458
INFO 2026-05-19 18:51:29,709 basehttp 11676 7204 "GET /static/rest_framework/js/prettify-min.js HTTP/1.1" 200 13632
INFO 2026-05-19 18:51:29,709 basehttp 11676 7204 "GET /static/rest_framework/js/prettify-min.js HTTP/1.1" 200 13632
INFO 2026-05-19 18:51:29,735 basehttp 11676 20108 "GET /static/rest_framework/js/bootstrap.min.js HTTP/1.1" 200 39680
INFO 2026-05-19 18:51:29,735 basehttp 11676 20108 "GET /static/rest_framework/js/bootstrap.min.js HTTP/1.1" 200 39680
INFO 2026-05-19 18:51:29,794 basehttp 11676 18924 "GET /static/rest_framework/js/jquery-3.7.1.min.js HTTP/1.1" 200 87533
INFO 2026-05-19 18:51:29,794 basehttp 11676 18924 "GET /static/rest_framework/js/jquery-3.7.1.min.js HTTP/1.1" 200 87533
INFO 2026-05-19 18:51:52,793 basehttp 11676 21664 "GET /admin/ HTTP/1.1" 200 10587
INFO 2026-05-19 18:51:52,793 basehttp 11676 21664 "GET /admin/ HTTP/1.1" 200 10587
INFO 2026-05-19 18:53:13,841 basehttp 11676 21664 "GET /admin/products/product/ HTTP/1.1" 200 12977
INFO 2026-05-19 18:53:13,841 basehttp 11676 21664 "GET /admin/products/product/ HTTP/1.1" 200 12977
INFO 2026-05-19 18:53:13,899 basehttp 11676 21664 "GET /admin/jsi18n/ HTTP/1.1" 200 3343
INFO 2026-05-19 18:53:13,899 basehttp 11676 21664 "GET /admin/jsi18n/ HTTP/1.1" 200 3343
INFO 2026-05-19 18:53:19,315 basehttp 11676 21664 "GET /admin/products/product/add/ HTTP/1.1" 200 28253
INFO 2026-05-19 18:53:19,315 basehttp 11676 21664 "GET /admin/products/product/add/ HTTP/1.1" 200 28253
INFO 2026-05-19 18:53:19,374 basehttp 11676 1796 "GET /admin/jsi18n/ HTTP/1.1" 200 3343
INFO 2026-05-19 18:53:19,374 basehttp 11676 1796 "GET /admin/jsi18n/ HTTP/1.1" 200 3343
INFO 2026-05-19 18:53:19,376 basehttp 11676 21664 "GET /static/admin/css/forms.css HTTP/1.1" 200 9090
INFO 2026-05-19 18:53:19,376 basehttp 11676 21664 "GET /static/admin/css/forms.css HTTP/1.1" 200 9090
INFO 2026-05-19 18:53:19,400 basehttp 11676 21664 "GET /static/admin/css/widgets.css HTTP/1.1" 200 11921
INFO 2026-05-19 18:53:19,400 basehttp 11676 21664 "GET /static/admin/css/widgets.css HTTP/1.1" 200 11921
INFO 2026-05-19 18:53:19,414 basehttp 11676 1796 "GET /static/admin/img/icon-viewlink.svg HTTP/1.1" 200 581
INFO 2026-05-19 18:53:19,414 basehttp 11676 1796 "GET /static/admin/img/icon-viewlink.svg HTTP/1.1" 200 581
INFO 2026-05-19 18:53:19,423 basehttp 11676 18456 "GET /static/admin/js/prepopulate_init.js HTTP/1.1" 200 586
INFO 2026-05-19 18:53:19,423 basehttp 11676 18456 "GET /static/admin/js/prepopulate_init.js HTTP/1.1" 200 586
INFO 2026-05-19 18:53:19,460 basehttp 11676 18180 "GET /static/admin/js/inlines.js HTTP/1.1" 200 15526
INFO 2026-05-19 18:53:19,460 basehttp 11676 18180 "GET /static/admin/js/inlines.js HTTP/1.1" 200 15526
INFO 2026-05-19 18:53:19,477 basehttp 11676 18456 "GET /static/admin/js/change_form.js HTTP/1.1" 200 606
INFO 2026-05-19 18:53:19,477 basehttp 11676 18456 "GET /static/admin/js/change_form.js HTTP/1.1" 200 606
INFO 2026-05-19 18:53:19,555 basehttp 11676 18456 "GET /static/admin/img/inline-delete.svg HTTP/1.1" 200 560
INFO 2026-05-19 18:53:19,555 basehttp 11676 18456 "GET /static/admin/img/inline-delete.svg HTTP/1.1" 200 560
INFO 2026-05-19 18:53:26,738 basehttp 11676 18456 "GET /admin/accounts/user/add/ HTTP/1.1" 200 13625
INFO 2026-05-19 18:53:26,738 basehttp 11676 18456 "GET /admin/accounts/user/add/ HTTP/1.1" 200 13625
INFO 2026-05-19 18:53:26,784 basehttp 11676 18456 "GET /admin/jsi18n/ HTTP/1.1" 200 3343
INFO 2026-05-19 18:53:26,784 basehttp 11676 18456 "GET /admin/jsi18n/ HTTP/1.1" 200 3343
INFO 2026-05-19 19:29:12,992 basehttp 11676 21180 "GET /admin/accounts/user/add/ HTTP/1.1" 200 13625
INFO 2026-05-19 19:29:12,992 basehttp 11676 21180 "GET /admin/accounts/user/add/ HTTP/1.1" 200 13625
INFO 2026-05-19 19:29:13,043 basehttp 11676 21180 "GET /admin/jsi18n/ HTTP/1.1" 200 3343
INFO 2026-05-19 19:29:13,043 basehttp 11676 21180 "GET /admin/jsi18n/ HTTP/1.1" 200 3343
INFO 2026-05-19 19:29:51,210 basehttp 11676 21180 "POST /admin/accounts/user/add/ HTTP/1.1" 302 0
INFO 2026-05-19 19:29:51,210 basehttp 11676 21180 "POST /admin/accounts/user/add/ HTTP/1.1" 302 0
ERROR 2026-05-19 19:29:51,533 log 11676 21180 Internal Server Error: /admin/accounts/user/2/change/
Traceback (most recent call last):
  File "C:\Users\HP\Desktop\electronics_ecommerce\backend\venv\Lib\site-packages\django\contrib\admin\options.py", line 809, in get_form
    return modelform_factory(self.model, **defaults)
  File "C:\Users\HP\Desktop\electronics_ecommerce\backend\venv\Lib\site-packages\django\forms\models.py", line 642, in modelform_factory
    return type(form)(class_name, (form,), form_class_attrs)
           ~~~~~~~~~~^^^^^^^^^^^^^^^^^^^^^^^^^^^^^^^^^^^^^^^
  File "C:\Users\HP\Desktop\electronics_ecommerce\backend\venv\Lib\site-packages\django\forms\models.py", line 300, in __new__
    fields = fields_for_model(
        opts.model,
    ...<10 lines>...
        apply_limit_choices_to=False,
    )
  File "C:\Users\HP\Desktop\electronics_ecommerce\backend\venv\Lib\site-packages\django\forms\models.py", line 198, in fields_for_model
    raise FieldError(
    ...<2 lines>...
    )
django.core.exceptions.FieldError: 'created_at' cannot be specified for User model form as it is a non-editable field

During handling of the above exception, another exception occurred:

Traceback (most recent call last):
  File "C:\Users\HP\Desktop\electronics_ecommerce\backend\venv\Lib\site-packages\django\core\handlers\exception.py", line 55, in inner
    response = get_response(request)
  File "C:\Users\HP\Desktop\electronics_ecommerce\backend\venv\Lib\site-packages\django\core\handlers\base.py", line 197, in _get_response
    response = wrapped_callback(request, *callback_args, **callback_kwargs)
  File "C:\Users\HP\Desktop\electronics_ecommerce\backend\venv\Lib\site-packages\django\contrib\admin\options.py", line 688, in wrapper
    return self.admin_site.admin_view(view)(*args, **kwargs)
           ~~~~~~~~~~~~~~~~~~~~~~~~~~~~~~~~^^^^^^^^^^^^^^^^^
  File "C:\Users\HP\Desktop\electronics_ecommerce\backend\venv\Lib\site-packages\django\utils\decorators.py", line 134, in _wrapper_view
    response = view_func(request, *args, **kwargs)
  File "C:\Users\HP\Desktop\electronics_ecommerce\backend\venv\Lib\site-packages\django\views\decorators\cache.py", line 62, in _wrapper_view_func
    response = view_func(request, *args, **kwargs)
  File "C:\Users\HP\Desktop\electronics_ecommerce\backend\venv\Lib\site-packages\django\contrib\admin\sites.py", line 242, in inner
    return view(request, *args, **kwargs)
  File "C:\Users\HP\Desktop\electronics_ecommerce\backend\venv\Lib\site-packages\django\contrib\admin\options.py", line 1889, in change_view
    return self.changeform_view(request, object_id, form_url, extra_context)
           ~~~~~~~~~~~~~~~~~~~~^^^^^^^^^^^^^^^^^^^^^^^^^^^^^^^^^^^^^^^^^^^^^
  File "C:\Users\HP\Desktop\electronics_ecommerce\backend\venv\Lib\site-packages\django\utils\decorators.py", line 46, in _wrapper
    return bound_method(*args, **kwargs)
  File "C:\Users\HP\Desktop\electronics_ecommerce\backend\venv\Lib\site-packages\django\utils\decorators.py", line 134, in _wrapper_view
    response = view_func(request, *args, **kwargs)
  File "C:\Users\HP\Desktop\electronics_ecommerce\backend\venv\Lib\site-packages\django\contrib\admin\options.py", line 1747, in changeform_view
    return self._changeform_view(request, object_id, form_url, extra_context)
           ~~~~~~~~~~~~~~~~~~~~~^^^^^^^^^^^^^^^^^^^^^^^^^^^^^^^^^^^^^^^^^^^^^
  File "C:\Users\HP\Desktop\electronics_ecommerce\backend\venv\Lib\site-packages\django\contrib\admin\options.py", line 1782, in _changeform_view
    ModelForm = self.get_form(
        request, obj, change=not add, fields=flatten_fieldsets(fieldsets)
    )
  File "C:\Users\HP\Desktop\electronics_ecommerce\backend\venv\Lib\site-packages\django\contrib\auth\admin.py", line 98, in get_form
    return super().get_form(request, obj, **defaults)
           ~~~~~~~~~~~~~~~~^^^^^^^^^^^^^^^^^^^^^^^^^^
  File "C:\Users\HP\Desktop\electronics_ecommerce\backend\venv\Lib\site-packages\django\contrib\admin\options.py", line 811, in get_form
    raise FieldError(
    ...<2 lines>...
    )
django.core.exceptions.FieldError: 'created_at' cannot be specified for User model form as it is a non-editable field. Check fields/fieldsets/exclude attributes of class UserAdmin.
ERROR 2026-05-19 19:29:51,533 log 11676 21180 Internal Server Error: /admin/accounts/user/2/change/
Traceback (most recent call last):
  File "C:\Users\HP\Desktop\electronics_ecommerce\backend\venv\Lib\site-packages\django\contrib\admin\options.py", line 809, in get_form
    return modelform_factory(self.model, **defaults)
  File "C:\Users\HP\Desktop\electronics_ecommerce\backend\venv\Lib\site-packages\django\forms\models.py", line 642, in modelform_factory
    return type(form)(class_name, (form,), form_class_attrs)
           ~~~~~~~~~~^^^^^^^^^^^^^^^^^^^^^^^^^^^^^^^^^^^^^^^
  File "C:\Users\HP\Desktop\electronics_ecommerce\backend\venv\Lib\site-packages\django\forms\models.py", line 300, in __new__
    fields = fields_for_model(
        opts.model,
    ...<10 lines>...
        apply_limit_choices_to=False,
    )
  File "C:\Users\HP\Desktop\electronics_ecommerce\backend\venv\Lib\site-packages\django\forms\models.py", line 198, in fields_for_model
    raise FieldError(
    ...<2 lines>...
    )
django.core.exceptions.FieldError: 'created_at' cannot be specified for User model form as it is a non-editable field

During handling of the above exception, another exception occurred:

Traceback (most recent call last):
  File "C:\Users\HP\Desktop\electronics_ecommerce\backend\venv\Lib\site-packages\django\core\handlers\exception.py", line 55, in inner
    response = get_response(request)
  File "C:\Users\HP\Desktop\electronics_ecommerce\backend\venv\Lib\site-packages\django\core\handlers\base.py", line 197, in _get_response
    response = wrapped_callback(request, *callback_args, **callback_kwargs)
  File "C:\Users\HP\Desktop\electronics_ecommerce\backend\venv\Lib\site-packages\django\contrib\admin\options.py", line 688, in wrapper
    return self.admin_site.admin_view(view)(*args, **kwargs)
           ~~~~~~~~~~~~~~~~~~~~~~~~~~~~~~~~^^^^^^^^^^^^^^^^^
  File "C:\Users\HP\Desktop\electronics_ecommerce\backend\venv\Lib\site-packages\django\utils\decorators.py", line 134, in _wrapper_view
    response = view_func(request, *args, **kwargs)
  File "C:\Users\HP\Desktop\electronics_ecommerce\backend\venv\Lib\site-packages\django\views\decorators\cache.py", line 62, in _wrapper_view_func
    response = view_func(request, *args, **kwargs)
  File "C:\Users\HP\Desktop\electronics_ecommerce\backend\venv\Lib\site-packages\django\contrib\admin\sites.py", line 242, in inner
    return view(request, *args, **kwargs)
  File "C:\Users\HP\Desktop\electronics_ecommerce\backend\venv\Lib\site-packages\django\contrib\admin\options.py", line 1889, in change_view
    return self.changeform_view(request, object_id, form_url, extra_context)
           ~~~~~~~~~~~~~~~~~~~~^^^^^^^^^^^^^^^^^^^^^^^^^^^^^^^^^^^^^^^^^^^^^
  File "C:\Users\HP\Desktop\electronics_ecommerce\backend\venv\Lib\site-packages\django\utils\decorators.py", line 46, in _wrapper
    return bound_method(*args, **kwargs)
  File "C:\Users\HP\Desktop\electronics_ecommerce\backend\venv\Lib\site-packages\django\utils\decorators.py", line 134, in _wrapper_view
    response = view_func(request, *args, **kwargs)
  File "C:\Users\HP\Desktop\electronics_ecommerce\backend\venv\Lib\site-packages\django\contrib\admin\options.py", line 1747, in changeform_view
    return self._changeform_view(request, object_id, form_url, extra_context)
           ~~~~~~~~~~~~~~~~~~~~~^^^^^^^^^^^^^^^^^^^^^^^^^^^^^^^^^^^^^^^^^^^^^
  File "C:\Users\HP\Desktop\electronics_ecommerce\backend\venv\Lib\site-packages\django\contrib\admin\options.py", line 1782, in _changeform_view
    ModelForm = self.get_form(
        request, obj, change=not add, fields=flatten_fieldsets(fieldsets)
    )
  File "C:\Users\HP\Desktop\electronics_ecommerce\backend\venv\Lib\site-packages\django\contrib\auth\admin.py", line 98, in get_form
    return super().get_form(request, obj, **defaults)
           ~~~~~~~~~~~~~~~~^^^^^^^^^^^^^^^^^^^^^^^^^^
  File "C:\Users\HP\Desktop\electronics_ecommerce\backend\venv\Lib\site-packages\django\contrib\admin\options.py", line 811, in get_form
    raise FieldError(
    ...<2 lines>...
    )
django.core.exceptions.FieldError: 'created_at' cannot be specified for User model form as it is a non-editable field. Check fields/fieldsets/exclude attributes of class UserAdmin.
ERROR 2026-05-19 19:29:51,549 basehttp 11676 21180 "GET /admin/accounts/user/2/change/ HTTP/1.1" 500 160276
ERROR 2026-05-19 19:29:51,549 basehttp 11676 21180 "GET /admin/accounts/user/2/change/ HTTP/1.1" 500 160276
INFO 2026-05-19 21:18:16,499 basehttp 11676 14212 "GET /admin/accounts/ HTTP/1.1" 200 5312
INFO 2026-05-19 21:18:16,499 basehttp 11676 14212 "GET /admin/accounts/ HTTP/1.1" 200 5312
ERROR 2026-05-19 21:18:20,875 log 11676 14212 Internal Server Error: /admin/accounts/user/2/change/
Traceback (most recent call last):
  File "C:\Users\HP\Desktop\electronics_ecommerce\backend\venv\Lib\site-packages\django\contrib\admin\options.py", line 809, in get_form
    return modelform_factory(self.model, **defaults)
  File "C:\Users\HP\Desktop\electronics_ecommerce\backend\venv\Lib\site-packages\django\forms\models.py", line 642, in modelform_factory
    return type(form)(class_name, (form,), form_class_attrs)
           ~~~~~~~~~~^^^^^^^^^^^^^^^^^^^^^^^^^^^^^^^^^^^^^^^
  File "C:\Users\HP\Desktop\electronics_ecommerce\backend\venv\Lib\site-packages\django\forms\models.py", line 300, in __new__
    fields = fields_for_model(
        opts.model,
    ...<10 lines>...
        apply_limit_choices_to=False,
    )
  File "C:\Users\HP\Desktop\electronics_ecommerce\backend\venv\Lib\site-packages\django\forms\models.py", line 198, in fields_for_model
    raise FieldError(
    ...<2 lines>...
    )
django.core.exceptions.FieldError: 'created_at' cannot be specified for User model form as it is a non-editable field

During handling of the above exception, another exception occurred:

Traceback (most recent call last):
  File "C:\Users\HP\Desktop\electronics_ecommerce\backend\venv\Lib\site-packages\django\core\handlers\exception.py", line 55, in inner
    response = get_response(request)
  File "C:\Users\HP\Desktop\electronics_ecommerce\backend\venv\Lib\site-packages\django\core\handlers\base.py", line 197, in _get_response
    response = wrapped_callback(request, *callback_args, **callback_kwargs)
  File "C:\Users\HP\Desktop\electronics_ecommerce\backend\venv\Lib\site-packages\django\contrib\admin\options.py", line 688, in wrapper
    return self.admin_site.admin_view(view)(*args, **kwargs)
           ~~~~~~~~~~~~~~~~~~~~~~~~~~~~~~~~^^^^^^^^^^^^^^^^^
  File "C:\Users\HP\Desktop\electronics_ecommerce\backend\venv\Lib\site-packages\django\utils\decorators.py", line 134, in _wrapper_view
    response = view_func(request, *args, **kwargs)
  File "C:\Users\HP\Desktop\electronics_ecommerce\backend\venv\Lib\site-packages\django\views\decorators\cache.py", line 62, in _wrapper_view_func
    response = view_func(request, *args, **kwargs)
  File "C:\Users\HP\Desktop\electronics_ecommerce\backend\venv\Lib\site-packages\django\contrib\admin\sites.py", line 242, in inner
    return view(request, *args, **kwargs)
  File "C:\Users\HP\Desktop\electronics_ecommerce\backend\venv\Lib\site-packages\django\contrib\admin\options.py", line 1889, in change_view
    return self.changeform_view(request, object_id, form_url, extra_context)
           ~~~~~~~~~~~~~~~~~~~~^^^^^^^^^^^^^^^^^^^^^^^^^^^^^^^^^^^^^^^^^^^^^
  File "C:\Users\HP\Desktop\electronics_ecommerce\backend\venv\Lib\site-packages\django\utils\decorators.py", line 46, in _wrapper
    return bound_method(*args, **kwargs)
  File "C:\Users\HP\Desktop\electronics_ecommerce\backend\venv\Lib\site-packages\django\utils\decorators.py", line 134, in _wrapper_view
    response = view_func(request, *args, **kwargs)
  File "C:\Users\HP\Desktop\electronics_ecommerce\backend\venv\Lib\site-packages\django\contrib\admin\options.py", line 1747, in changeform_view
    return self._changeform_view(request, object_id, form_url, extra_context)
           ~~~~~~~~~~~~~~~~~~~~~^^^^^^^^^^^^^^^^^^^^^^^^^^^^^^^^^^^^^^^^^^^^^
  File "C:\Users\HP\Desktop\electronics_ecommerce\backend\venv\Lib\site-packages\django\contrib\admin\options.py", line 1782, in _changeform_view
    ModelForm = self.get_form(
        request, obj, change=not add, fields=flatten_fieldsets(fieldsets)
    )
  File "C:\Users\HP\Desktop\electronics_ecommerce\backend\venv\Lib\site-packages\django\contrib\auth\admin.py", line 98, in get_form
    return super().get_form(request, obj, **defaults)
           ~~~~~~~~~~~~~~~~^^^^^^^^^^^^^^^^^^^^^^^^^^
  File "C:\Users\HP\Desktop\electronics_ecommerce\backend\venv\Lib\site-packages\django\contrib\admin\options.py", line 811, in get_form
    raise FieldError(
    ...<2 lines>...
    )
django.core.exceptions.FieldError: 'created_at' cannot be specified for User model form as it is a non-editable field. Check fields/fieldsets/exclude attributes of class UserAdmin.
ERROR 2026-05-19 21:18:20,875 log 11676 14212 Internal Server Error: /admin/accounts/user/2/change/
Traceback (most recent call last):
  File "C:\Users\HP\Desktop\electronics_ecommerce\backend\venv\Lib\site-packages\django\contrib\admin\options.py", line 809, in get_form
    return modelform_factory(self.model, **defaults)
  File "C:\Users\HP\Desktop\electronics_ecommerce\backend\venv\Lib\site-packages\django\forms\models.py", line 642, in modelform_factory
    return type(form)(class_name, (form,), form_class_attrs)
           ~~~~~~~~~~^^^^^^^^^^^^^^^^^^^^^^^^^^^^^^^^^^^^^^^
  File "C:\Users\HP\Desktop\electronics_ecommerce\backend\venv\Lib\site-packages\django\forms\models.py", line 300, in __new__
    fields = fields_for_model(
        opts.model,
    ...<10 lines>...
        apply_limit_choices_to=False,
    )
  File "C:\Users\HP\Desktop\electronics_ecommerce\backend\venv\Lib\site-packages\django\forms\models.py", line 198, in fields_for_model
    raise FieldError(
    ...<2 lines>...
    )
django.core.exceptions.FieldError: 'created_at' cannot be specified for User model form as it is a non-editable field

During handling of the above exception, another exception occurred:

Traceback (most recent call last):
  File "C:\Users\HP\Desktop\electronics_ecommerce\backend\venv\Lib\site-packages\django\core\handlers\exception.py", line 55, in inner
    response = get_response(request)
  File "C:\Users\HP\Desktop\electronics_ecommerce\backend\venv\Lib\site-packages\django\core\handlers\base.py", line 197, in _get_response
    response = wrapped_callback(request, *callback_args, **callback_kwargs)
  File "C:\Users\HP\Desktop\electronics_ecommerce\backend\venv\Lib\site-packages\django\contrib\admin\options.py", line 688, in wrapper
    return self.admin_site.admin_view(view)(*args, **kwargs)
           ~~~~~~~~~~~~~~~~~~~~~~~~~~~~~~~~^^^^^^^^^^^^^^^^^
  File "C:\Users\HP\Desktop\electronics_ecommerce\backend\venv\Lib\site-packages\django\utils\decorators.py", line 134, in _wrapper_view
    response = view_func(request, *args, **kwargs)
  File "C:\Users\HP\Desktop\electronics_ecommerce\backend\venv\Lib\site-packages\django\views\decorators\cache.py", line 62, in _wrapper_view_func
    response = view_func(request, *args, **kwargs)
  File "C:\Users\HP\Desktop\electronics_ecommerce\backend\venv\Lib\site-packages\django\contrib\admin\sites.py", line 242, in inner
    return view(request, *args, **kwargs)
  File "C:\Users\HP\Desktop\electronics_ecommerce\backend\venv\Lib\site-packages\django\contrib\admin\options.py", line 1889, in change_view
    return self.changeform_view(request, object_id, form_url, extra_context)
           ~~~~~~~~~~~~~~~~~~~~^^^^^^^^^^^^^^^^^^^^^^^^^^^^^^^^^^^^^^^^^^^^^
  File "C:\Users\HP\Desktop\electronics_ecommerce\backend\venv\Lib\site-packages\django\utils\decorators.py", line 46, in _wrapper
    return bound_method(*args, **kwargs)
  File "C:\Users\HP\Desktop\electronics_ecommerce\backend\venv\Lib\site-packages\django\utils\decorators.py", line 134, in _wrapper_view
    response = view_func(request, *args, **kwargs)
  File "C:\Users\HP\Desktop\electronics_ecommerce\backend\venv\Lib\site-packages\django\contrib\admin\options.py", line 1747, in changeform_view
    return self._changeform_view(request, object_id, form_url, extra_context)
           ~~~~~~~~~~~~~~~~~~~~~^^^^^^^^^^^^^^^^^^^^^^^^^^^^^^^^^^^^^^^^^^^^^
  File "C:\Users\HP\Desktop\electronics_ecommerce\backend\venv\Lib\site-packages\django\contrib\admin\options.py", line 1782, in _changeform_view
    ModelForm = self.get_form(
        request, obj, change=not add, fields=flatten_fieldsets(fieldsets)
    )
  File "C:\Users\HP\Desktop\electronics_ecommerce\backend\venv\Lib\site-packages\django\contrib\auth\admin.py", line 98, in get_form
    return super().get_form(request, obj, **defaults)
           ~~~~~~~~~~~~~~~~^^^^^^^^^^^^^^^^^^^^^^^^^^
  File "C:\Users\HP\Desktop\electronics_ecommerce\backend\venv\Lib\site-packages\django\contrib\admin\options.py", line 811, in get_form
    raise FieldError(
    ...<2 lines>...
    )
django.core.exceptions.FieldError: 'created_at' cannot be specified for User model form as it is a non-editable field. Check fields/fieldsets/exclude attributes of class UserAdmin.
ERROR 2026-05-19 21:18:20,886 basehttp 11676 14212 "GET /admin/accounts/user/2/change/ HTTP/1.1" 500 159648
ERROR 2026-05-19 21:18:20,886 basehttp 11676 14212 "GET /admin/accounts/user/2/change/ HTTP/1.1" 500 159648
INFO 2026-05-19 21:18:21,844 basehttp 11676 14212 "GET /admin/accounts/user/add/ HTTP/1.1" 200 13625
INFO 2026-05-19 21:18:21,844 basehttp 11676 14212 "GET /admin/accounts/user/add/ HTTP/1.1" 200 13625
INFO 2026-05-19 21:18:22,610 basehttp 11676 14212 "GET /admin/products/product/add/ HTTP/1.1" 200 28253
INFO 2026-05-19 21:18:22,610 basehttp 11676 14212 "GET /admin/products/product/add/ HTTP/1.1" 200 28253
INFO 2026-05-19 21:18:23,386 basehttp 11676 14212 "GET /admin/products/product/ HTTP/1.1" 200 12977
INFO 2026-05-19 21:18:23,386 basehttp 11676 14212 "GET /admin/products/product/ HTTP/1.1" 200 12977
INFO 2026-05-19 21:18:24,182 basehttp 11676 14212 "GET /admin/ HTTP/1.1" 200 10896
INFO 2026-05-19 21:18:24,182 basehttp 11676 14212 "GET /admin/ HTTP/1.1" 200 10896
INFO 2026-05-19 21:18:29,161 basehttp 11676 14212 "GET /admin/payments/payment/ HTTP/1.1" 200 12627
INFO 2026-05-19 21:18:29,161 basehttp 11676 14212 "GET /admin/payments/payment/ HTTP/1.1" 200 12627
INFO 2026-05-19 21:18:29,217 basehttp 11676 14212 "GET /admin/jsi18n/ HTTP/1.1" 200 3343
INFO 2026-05-19 21:18:29,217 basehttp 11676 14212 "GET /admin/jsi18n/ HTTP/1.1" 200 3343
INFO 2026-05-19 21:18:32,652 basehttp 11676 14212 "GET /admin/payments/payment/add/ HTTP/1.1" 200 17074
INFO 2026-05-19 21:18:32,652 basehttp 11676 14212 "GET /admin/payments/payment/add/ HTTP/1.1" 200 17074
INFO 2026-05-19 21:18:32,692 basehttp 11676 14212 "GET /admin/jsi18n/ HTTP/1.1" 200 3343
INFO 2026-05-19 21:18:32,692 basehttp 11676 14212 "GET /admin/jsi18n/ HTTP/1.1" 200 3343
INFO 2026-05-19 21:18:41,848 basehttp 11676 14212 "GET /admin/payments/payment/ HTTP/1.1" 200 12627
INFO 2026-05-19 21:18:41,848 basehttp 11676 14212 "GET /admin/payments/payment/ HTTP/1.1" 200 12627
INFO 2026-05-19 21:18:46,586 basehttp 11676 14212 "GET /admin/products/category/ HTTP/1.1" 200 12012
INFO 2026-05-19 21:18:46,586 basehttp 11676 14212 "GET /admin/products/category/ HTTP/1.1" 200 12012
INFO 2026-05-19 21:18:46,678 basehttp 11676 14212 "GET /admin/jsi18n/ HTTP/1.1" 200 3343
INFO 2026-05-19 21:18:46,678 basehttp 11676 14212 "GET /admin/jsi18n/ HTTP/1.1" 200 3343
INFO 2026-05-19 21:18:49,167 basehttp 11676 14212 "GET /admin/products/category/add/ HTTP/1.1" 200 15219
INFO 2026-05-19 21:18:49,167 basehttp 11676 14212 "GET /admin/products/category/add/ HTTP/1.1" 200 15219
INFO 2026-05-19 21:18:49,218 basehttp 11676 14212 "GET /admin/jsi18n/ HTTP/1.1" 200 3343
INFO 2026-05-19 21:18:49,218 basehttp 11676 14212 "GET /admin/jsi18n/ HTTP/1.1" 200 3343
INFO 2026-05-19 21:19:02,259 basehttp 11676 14212 "GET /admin/orders/order/ HTTP/1.1" 200 12998
INFO 2026-05-19 21:19:02,259 basehttp 11676 14212 "GET /admin/orders/order/ HTTP/1.1" 200 12998
INFO 2026-05-19 21:19:02,303 basehttp 11676 14212 "GET /admin/jsi18n/ HTTP/1.1" 200 3343
INFO 2026-05-19 21:19:02,303 basehttp 11676 14212 "GET /admin/jsi18n/ HTTP/1.1" 200 3343
INFO 2026-05-19 21:19:05,577 basehttp 11676 14212 "GET /admin/cart/cartitem/ HTTP/1.1" 200 11979
INFO 2026-05-19 21:19:05,577 basehttp 11676 14212 "GET /admin/cart/cartitem/ HTTP/1.1" 200 11979
INFO 2026-05-19 21:19:05,615 basehttp 11676 14212 "GET /admin/jsi18n/ HTTP/1.1" 200 3343
INFO 2026-05-19 21:19:05,615 basehttp 11676 14212 "GET /admin/jsi18n/ HTTP/1.1" 200 3343
INFO 2026-05-19 21:19:08,714 basehttp 11676 14212 "GET /admin/cart/cartitem/add/ HTTP/1.1" 200 14692
INFO 2026-05-19 21:19:08,714 basehttp 11676 14212 "GET /admin/cart/cartitem/add/ HTTP/1.1" 200 14692
INFO 2026-05-19 21:19:08,761 basehttp 11676 14212 "GET /admin/jsi18n/ HTTP/1.1" 200 3343
INFO 2026-05-19 21:19:08,761 basehttp 11676 14212 "GET /admin/jsi18n/ HTTP/1.1" 200 3343
INFO 2026-05-19 21:19:26,418 basehttp 11676 14212 "GET /admin/cart/cartitem/ HTTP/1.1" 200 11979
INFO 2026-05-19 21:19:26,418 basehttp 11676 14212 "GET /admin/cart/cartitem/ HTTP/1.1" 200 11979
INFO 2026-05-19 21:19:29,963 basehttp 11676 14212 "GET /admin/orders/order/ HTTP/1.1" 200 12998
INFO 2026-05-19 21:19:29,963 basehttp 11676 14212 "GET /admin/orders/order/ HTTP/1.1" 200 12998
INFO 2026-05-19 21:19:31,578 basehttp 11676 14212 "GET /admin/products/category/add/ HTTP/1.1" 200 15219
INFO 2026-05-19 21:19:31,578 basehttp 11676 14212 "GET /admin/products/category/add/ HTTP/1.1" 200 15219
INFO 2026-05-19 21:19:35,742 basehttp 11676 14212 "GET /admin/products/category/ HTTP/1.1" 200 12012
INFO 2026-05-19 21:19:35,742 basehttp 11676 14212 "GET /admin/products/category/ HTTP/1.1" 200 12012
INFO 2026-05-19 21:19:38,410 basehttp 11676 14212 "GET /admin/payments/payment/ HTTP/1.1" 200 12627
INFO 2026-05-19 21:19:38,410 basehttp 11676 14212 "GET /admin/payments/payment/ HTTP/1.1" 200 12627
INFO 2026-05-19 21:19:41,933 basehttp 11676 14212 "GET /admin/ HTTP/1.1" 200 10896
INFO 2026-05-19 21:19:41,933 basehttp 11676 14212 "GET /admin/ HTTP/1.1" 200 10896
INFO 2026-05-20 15:28:28,094 autoreload 15476 8680 Watching for file changes with StatReloader
INFO 2026-05-20 15:28:28,094 autoreload 15476 8680 Watching for file changes with StatReloader
INFO 2026-05-20 15:28:49,384 basehttp 15476 24908 "GET /admin/ HTTP/1.1" 200 10896
INFO 2026-05-20 15:28:49,384 basehttp 15476 24908 "GET /admin/ HTTP/1.1" 200 10896
INFO 2026-05-20 15:29:06,809 basehttp 15476 24908 "GET /admin/orders/order/ HTTP/1.1" 200 12998
INFO 2026-05-20 15:29:06,809 basehttp 15476 24908 "GET /admin/orders/order/ HTTP/1.1" 200 12998
INFO 2026-05-20 15:29:06,867 basehttp 15476 24908 "GET /admin/jsi18n/ HTTP/1.1" 200 3343
INFO 2026-05-20 15:29:06,867 basehttp 15476 24908 "GET /admin/jsi18n/ HTTP/1.1" 200 3343
INFO 2026-05-20 15:29:11,547 basehttp 15476 24908 "GET /admin/orders/order/add/ HTTP/1.1" 200 28065
INFO 2026-05-20 15:29:11,547 basehttp 15476 24908 "GET /admin/orders/order/add/ HTTP/1.1" 200 28065
INFO 2026-05-20 15:29:11,600 basehttp 15476 24908 "GET /admin/jsi18n/ HTTP/1.1" 200 3343
INFO 2026-05-20 15:29:11,600 basehttp 15476 24908 "GET /admin/jsi18n/ HTTP/1.1" 200 3343
INFO 2026-05-20 15:29:11,785 basehttp 15476 4496 "GET /static/admin/img/icon-deletelink.svg HTTP/1.1" 200 392
INFO 2026-05-20 15:29:11,785 basehttp 15476 4496 "GET /static/admin/img/icon-deletelink.svg HTTP/1.1" 200 392
INFO 2026-05-20 15:29:23,608 basehttp 15476 4496 "GET /admin/cart/cartitem/ HTTP/1.1" 200 11979
INFO 2026-05-20 15:29:23,608 basehttp 15476 4496 "GET /admin/cart/cartitem/ HTTP/1.1" 200 11979
INFO 2026-05-20 15:29:23,658 basehttp 15476 4496 "GET /admin/jsi18n/ HTTP/1.1" 200 3343
INFO 2026-05-20 15:29:23,658 basehttp 15476 4496 "GET /admin/jsi18n/ HTTP/1.1" 200 3343
INFO 2026-05-20 15:29:26,187 basehttp 15476 4496 "GET /admin/cart/cartitem/add/ HTTP/1.1" 200 14692
INFO 2026-05-20 15:29:26,187 basehttp 15476 4496 "GET /admin/cart/cartitem/add/ HTTP/1.1" 200 14692
INFO 2026-05-20 15:29:26,238 basehttp 15476 4496 "GET /admin/jsi18n/ HTTP/1.1" 200 3343
INFO 2026-05-20 15:29:26,238 basehttp 15476 4496 "GET /admin/jsi18n/ HTTP/1.1" 200 3343
INFO 2026-05-20 19:27:02,034 basehttp 15476 15492 "GET /admin/cart/cartitem/ HTTP/1.1" 200 11979
INFO 2026-05-20 19:27:02,034 basehttp 15476 15492 "GET /admin/cart/cartitem/ HTTP/1.1" 200 11979
INFO 2026-05-20 19:28:37,341 basehttp 15476 15492 "GET /admin/orders/order/add/ HTTP/1.1" 200 28065
INFO 2026-05-20 19:28:37,341 basehttp 15476 15492 "GET /admin/orders/order/add/ HTTP/1.1" 200 28065
INFO 2026-05-20 19:28:39,145 basehttp 15476 15492 "GET /admin/orders/order/ HTTP/1.1" 200 12998
INFO 2026-05-20 19:28:39,145 basehttp 15476 15492 "GET /admin/orders/order/ HTTP/1.1" 200 12998
INFO 2026-05-20 19:28:40,568 basehttp 15476 15492 "GET /admin/ HTTP/1.1" 200 10896
INFO 2026-05-20 19:28:40,568 basehttp 15476 15492 "GET /admin/ HTTP/1.1" 200 10896
INFO 2026-05-20 19:30:58,565 autoreload 15476 8680 C:\Users\HP\Desktop\electronics_ecommerce\backend\projects\settings.py changed, reloading.
INFO 2026-05-20 19:30:58,565 autoreload 15476 8680 C:\Users\HP\Desktop\electronics_ecommerce\backend\projects\settings.py changed, reloading.
INFO 2026-05-20 19:31:02,332 autoreload 18116 8868 Watching for file changes with StatReloader
INFO 2026-05-20 19:31:02,332 autoreload 18116 8868 Watching for file changes with StatReloader
INFO 2026-05-20 19:31:14,214 autoreload 18116 8868 C:\Users\HP\Desktop\electronics_ecommerce\backend\apps\admin_dashboard\views.py changed, reloading.
INFO 2026-05-20 19:31:14,214 autoreload 18116 8868 C:\Users\HP\Desktop\electronics_ecommerce\backend\apps\admin_dashboard\views.py changed, reloading.
INFO 2026-05-20 19:31:16,039 autoreload 21000 10308 Watching for file changes with StatReloader
INFO 2026-05-20 19:31:16,039 autoreload 21000 10308 Watching for file changes with StatReloader
INFO 2026-05-20 19:33:52,069 autoreload 21000 10308 C:\Users\HP\Desktop\electronics_ecommerce\backend\apps\orders\serializers.py changed, reloading.
INFO 2026-05-20 19:33:52,069 autoreload 21000 10308 C:\Users\HP\Desktop\electronics_ecommerce\backend\apps\orders\serializers.py changed, reloading.
INFO 2026-05-20 19:33:55,617 autoreload 26932 16316 Watching for file changes with StatReloader
INFO 2026-05-20 19:33:55,617 autoreload 26932 16316 Watching for file changes with StatReloader
INFO 2026-05-20 19:42:34,881 autoreload 27208 3208 Watching for file changes with StatReloader
INFO 2026-05-20 19:42:34,881 autoreload 27208 3208 Watching for file changes with StatReloader
WARNING 2026-05-20 19:43:03,591 log 27208 27112 Not Found: /
WARNING 2026-05-20 19:43:03,591 log 27208 27112 Not Found: /
WARNING 2026-05-20 19:43:03,595 basehttp 27208 27112 "GET / HTTP/1.1" 404 3360
WARNING 2026-05-20 19:43:03,595 basehttp 27208 27112 "GET / HTTP/1.1" 404 3360
WARNING 2026-05-20 19:43:03,839 log 27208 27112 Not Found: /favicon.ico
WARNING 2026-05-20 19:43:03,839 log 27208 27112 Not Found: /favicon.ico
WARNING 2026-05-20 19:43:03,841 basehttp 27208 27112 "GET /favicon.ico HTTP/1.1" 404 3411
WARNING 2026-05-20 19:43:03,841 basehttp 27208 27112 "GET /favicon.ico HTTP/1.1" 404 3411
WARNING 2026-05-20 19:43:41,032 log 27208 27112 Not Found: /api/products/
WARNING 2026-05-20 19:43:41,032 log 27208 27112 Not Found: /api/products/
WARNING 2026-05-20 19:43:41,033 basehttp 27208 27112 "GET /api/products/ HTTP/1.1" 404 4910
WARNING 2026-05-20 19:43:41,033 basehttp 27208 27112 "GET /api/products/ HTTP/1.1" 404 4910
WARNING 2026-05-20 19:44:29,776 log 27208 27112 Not Found: /api/products/catagoris/
WARNING 2026-05-20 19:44:29,776 log 27208 27112 Not Found: /api/products/catagoris/
WARNING 2026-05-20 19:44:29,777 basehttp 27208 27112 "GET /api/products/catagoris/ HTTP/1.1" 404 4940
WARNING 2026-05-20 19:44:29,777 basehttp 27208 27112 "GET /api/products/catagoris/ HTTP/1.1" 404 4940
WARNING 2026-05-20 19:45:04,068 log 27208 27112 Not Found: /api/products/categories/ [name='categories']
WARNING 2026-05-20 19:45:04,068 log 27208 27112 Not Found: /api/products/categories/ [name='categories']
WARNING 2026-05-20 19:45:04,069 basehttp 27208 27112 "GET /api/products/categories/%20[name='categories'] HTTP/1.1" 404 5041
WARNING 2026-05-20 19:45:04,069 basehttp 27208 27112 "GET /api/products/categories/%20[name='categories'] HTTP/1.1" 404 5041
WARNING 2026-05-20 19:45:40,279 log 27208 27112 Unauthorized: /api/cart/
WARNING 2026-05-20 19:45:40,279 log 27208 27112 Unauthorized: /api/cart/
WARNING 2026-05-20 19:45:40,280 basehttp 27208 27112 "GET /api/cart/ HTTP/1.1" 401 5010
WARNING 2026-05-20 19:45:40,280 basehttp 27208 27112 "GET /api/cart/ HTTP/1.1" 401 5010
INFO 2026-05-20 19:45:40,756 basehttp 27208 26776 "GET /static/rest_framework/css/prettify.css HTTP/1.1" 200 817
INFO 2026-05-20 19:45:40,756 basehttp 27208 26776 "GET /static/rest_framework/css/prettify.css HTTP/1.1" 200 817
INFO 2026-05-20 19:45:40,759 basehttp 27208 26776 "GET /static/rest_framework/js/csrf.js HTTP/1.1" 200 1793
INFO 2026-05-20 19:45:40,759 basehttp 27208 26776 "GET /static/rest_framework/js/csrf.js HTTP/1.1" 200 1793
INFO 2026-05-20 19:45:40,769 basehttp 27208 26776 "GET /static/rest_framework/js/bootstrap.min.js HTTP/1.1" 200 39680
INFO 2026-05-20 19:45:40,770 basehttp 27208 24976 "GET /static/rest_framework/css/default.css HTTP/1.1" 200 1152
INFO 2026-05-20 19:45:40,769 basehttp 27208 26776 "GET /static/rest_framework/js/bootstrap.min.js HTTP/1.1" 200 39680
INFO 2026-05-20 19:45:40,770 basehttp 27208 24976 "GET /static/rest_framework/css/default.css HTTP/1.1" 200 1152
INFO 2026-05-20 19:45:40,778 basehttp 27208 24976 "GET /static/rest_framework/js/default.js HTTP/1.1" 200 1268
INFO 2026-05-20 19:45:40,779 basehttp 27208 26776 "GET /static/rest_framework/js/prettify-min.js HTTP/1.1" 200 13632
INFO 2026-05-20 19:45:40,778 basehttp 27208 24976 "GET /static/rest_framework/js/default.js HTTP/1.1" 200 1268
INFO 2026-05-20 19:45:40,779 basehttp 27208 26776 "GET /static/rest_framework/js/prettify-min.js HTTP/1.1" 200 13632
INFO 2026-05-20 19:45:40,785 basehttp 27208 27112 "GET /static/rest_framework/css/bootstrap.min.css HTTP/1.1" 200 121457
INFO 2026-05-20 19:45:40,786 basehttp 27208 24976 "GET /static/rest_framework/js/load-ajax-form.js HTTP/1.1" 200 59
INFO 2026-05-20 19:45:40,785 basehttp 27208 27112 "GET /static/rest_framework/css/bootstrap.min.css HTTP/1.1" 200 121457
INFO 2026-05-20 19:45:40,786 basehttp 27208 24976 "GET /static/rest_framework/js/load-ajax-form.js HTTP/1.1" 200 59
INFO 2026-05-20 19:45:40,801 basehttp 27208 26744 "GET /static/rest_framework/css/bootstrap-tweaks.css HTTP/1.1" 200 3426
INFO 2026-05-20 19:45:40,801 basehttp 27208 26744 "GET /static/rest_framework/css/bootstrap-tweaks.css HTTP/1.1" 200 3426
INFO 2026-05-20 19:45:40,813 basehttp 27208 26744 "GET /static/rest_framework/img/grid.png HTTP/1.1" 200 1458
INFO 2026-05-20 19:45:40,813 basehttp 27208 26744 "GET /static/rest_framework/img/grid.png HTTP/1.1" 200 1458
INFO 2026-05-20 19:45:40,819 basehttp 27208 14848 "GET /static/rest_framework/js/ajax-form.js HTTP/1.1" 200 3796
INFO 2026-05-20 19:45:40,819 basehttp 27208 14848 "GET /static/rest_framework/js/ajax-form.js HTTP/1.1" 200 3796
INFO 2026-05-20 19:45:40,821 basehttp 27208 21692 "GET /static/rest_framework/js/jquery-3.7.1.min.js HTTP/1.1" 200 87533
INFO 2026-05-20 19:45:40,821 basehttp 27208 21692 "GET /static/rest_framework/js/jquery-3.7.1.min.js HTTP/1.1" 200 87533
WARNING 2026-05-20 19:45:45,578 log 27208 21692 Unauthorized: /api/cart/
WARNING 2026-05-20 19:45:45,578 log 27208 21692 Unauthorized: /api/cart/
WARNING 2026-05-20 19:45:45,579 basehttp 27208 21692 "GET /api/cart/ HTTP/1.1" 401 5010
WARNING 2026-05-20 19:45:45,579 basehttp 27208 21692 "GET /api/cart/ HTTP/1.1" 401 5010
WARNING 2026-05-20 19:45:56,863 log 27208 21692 Unauthorized: /api/cart/
WARNING 2026-05-20 19:45:56,863 log 27208 21692 Unauthorized: /api/cart/
WARNING 2026-05-20 19:45:56,864 basehttp 27208 21692 "GET /api/cart/ HTTP/1.1" 401 5010
WARNING 2026-05-20 19:45:56,864 basehttp 27208 21692 "GET /api/cart/ HTTP/1.1" 401 5010
WARNING 2026-05-20 19:46:03,051 log 27208 21692 Unauthorized: /api/cart/
WARNING 2026-05-20 19:46:03,051 log 27208 21692 Unauthorized: /api/cart/
WARNING 2026-05-20 19:46:03,053 basehttp 27208 21692 "GET /api/cart/?format=json HTTP/1.1" 401 58
WARNING 2026-05-20 19:46:03,053 basehttp 27208 21692 "GET /api/cart/?format=json HTTP/1.1" 401 58
WARNING 2026-05-20 19:46:05,964 log 27208 21692 Unauthorized: /api/cart/
WARNING 2026-05-20 19:46:05,964 log 27208 21692 Unauthorized: /api/cart/
WARNING 2026-05-20 19:46:05,965 basehttp 27208 21692 "GET /api/cart/ HTTP/1.1" 401 5010
WARNING 2026-05-20 19:46:05,965 basehttp 27208 21692 "GET /api/cart/ HTTP/1.1" 401 5010
WARNING 2026-05-20 19:46:21,972 log 27208 21692 Not Found: /api/auth/
WARNING 2026-05-20 19:46:21,972 log 27208 21692 Not Found: /api/auth/
WARNING 2026-05-20 19:46:21,973 basehttp 27208 21692 "GET /api/auth/ HTTP/1.1" 404 4394
WARNING 2026-05-20 19:46:21,973 basehttp 27208 21692 "GET /api/auth/ HTTP/1.1" 404 4394
WARNING 2026-05-20 19:46:41,166 log 27208 21692 Unauthorized: /api/orders/
WARNING 2026-05-20 19:46:41,166 log 27208 21692 Unauthorized: /api/orders/
WARNING 2026-05-20 19:46:41,167 basehttp 27208 21692 "GET /api/orders/ HTTP/1.1" 401 5056
WARNING 2026-05-20 19:46:41,167 basehttp 27208 21692 "GET /api/orders/ HTTP/1.1" 401 5056
WARNING 2026-05-20 19:47:22,660 log 27208 21692 Not Found: /api/admin/
WARNING 2026-05-20 19:47:22,660 log 27208 21692 Not Found: /api/admin/
WARNING 2026-05-20 19:47:22,661 basehttp 27208 21692 "GET /api/admin/ HTTP/1.1" 404 5257
WARNING 2026-05-20 19:47:22,661 basehttp 27208 21692 "GET /api/admin/ HTTP/1.1" 404 5257
WARNING 2026-05-20 19:47:55,074 log 27208 21692 Not Found: /api/payments/
WARNING 2026-05-20 19:47:55,074 log 27208 21692 Not Found: /api/payments/
WARNING 2026-05-20 19:47:55,075 basehttp 27208 21692 "GET /api/payments/ HTTP/1.1" 404 3924
WARNING 2026-05-20 19:47:55,075 basehttp 27208 21692 "GET /api/payments/ HTTP/1.1" 404 3924
WARNING 2026-05-20 19:50:04,593 log 27208 21692 Not Found: /api/products/
WARNING 2026-05-20 19:50:04,593 log 27208 21692 Not Found: /api/products/
WARNING 2026-05-20 19:50:04,594 basehttp 27208 21692 "GET /api/products/ HTTP/1.1" 404 4910
WARNING 2026-05-20 19:50:04,594 basehttp 27208 21692 "GET /api/products/ HTTP/1.1" 404 4910
INFO 2026-05-20 19:50:24,475 basehttp 27208 21692 "GET /api/products/categories/ HTTP/1.1" 200 8096
INFO 2026-05-20 19:50:24,475 basehttp 27208 21692 "GET /api/products/categories/ HTTP/1.1" 200 8096
INFO 2026-05-20 19:50:24,519 basehttp 27208 21692 "GET /static/rest_framework/fonts/glyphicons-halflings-regular.woff2 HTTP/1.1" 200 18028
INFO 2026-05-20 19:50:24,519 basehttp 27208 21692 "GET /static/rest_framework/fonts/glyphicons-halflings-regular.woff2 HTTP/1.1" 200 18028
INFO 2026-05-20 19:50:31,385 basehttp 27208 21692 "OPTIONS /api/products/categories/ HTTP/1.1" 200 5601
INFO 2026-05-20 19:50:31,385 basehttp 27208 21692 "OPTIONS /api/products/categories/ HTTP/1.1" 200 5601
WARNING 2026-05-20 19:50:59,978 log 27208 21692 Not Found: /api/products/product
WARNING 2026-05-20 19:50:59,978 log 27208 21692 Not Found: /api/products/product
WARNING 2026-05-20 19:50:59,979 basehttp 27208 21692 "GET /api/products/product HTTP/1.1" 404 4931
WARNING 2026-05-20 19:50:59,979 basehttp 27208 21692 "GET /api/products/product HTTP/1.1" 404 4931
WARNING 2026-05-20 19:52:10,501 log 27208 21692 Not Found: /api/products/
WARNING 2026-05-20 19:52:10,501 log 27208 21692 Not Found: /api/products/
WARNING 2026-05-20 19:52:10,502 basehttp 27208 21692 "GET /api/products/ HTTP/1.1" 404 4910
WARNING 2026-05-20 19:52:10,502 basehttp 27208 21692 "GET /api/products/ HTTP/1.1" 404 4910
WARNING 2026-05-20 19:52:12,814 log 27208 21692 Not Found: /api/products/
WARNING 2026-05-20 19:52:12,814 log 27208 21692 Not Found: /api/products/
WARNING 2026-05-20 19:52:12,815 basehttp 27208 21692 "GET /api/products/ HTTP/1.1" 404 4910
WARNING 2026-05-20 19:52:12,815 basehttp 27208 21692 "GET /api/products/ HTTP/1.1" 404 4910
WARNING 2026-05-20 19:52:31,617 log 27208 21692 Not Found: /api/products/categories/<slug:slug>/
WARNING 2026-05-20 19:52:31,617 log 27208 21692 Not Found: /api/products/categories/<slug:slug>/
WARNING 2026-05-20 19:52:31,617 basehttp 27208 21692 "GET /api/products/categories/%3Cslug:slug%3E/ HTTP/1.1" 404 4995
WARNING 2026-05-20 19:52:31,617 basehttp 27208 21692 "GET /api/products/categories/%3Cslug:slug%3E/ HTTP/1.1" 404 4995
INFO 2026-05-20 19:53:09,972 basehttp 27208 21692 "GET /api/products/products/ HTTP/1.1" 200 9292
INFO 2026-05-20 19:53:09,972 basehttp 27208 21692 "GET /api/products/products/ HTTP/1.1" 200 9292
